work_id,team_hss_dna_pct,_hss_main,year,arxiv_primary_category,log_team_size,log_prior_knowledge,has_any_openalex_metrics,usable_for_composition_analysis,log1p_openalex_matched_reference_count,openalex_reference_field_diversity,openalex_reference_entropy,hss_share_among_matched_refs,cs_share_among_matched_refs
W2125389028,0.0,0.0,2014,cs.LG,1.0986122886681098,2.995732273553991,1,1,2.772588722239781,1.0,0.0,0.0,1.0
W2405756170,0.0,0.0,2016,cs.NE,1.9459101490553128,5.755742213586912,1,1,3.6375861597263857,2.0,0.135793958751593,0.0,0.9696969696969692
W2963226019,2.05,2.05,2016,cs.LG,1.9459101490553128,4.962844630259907,1,1,3.1780538303479458,3.0,0.367649477400142,0.0,0.9090909090909092
W4298289240,1.56,1.56,2014,stat.ML,2.19722457733622,5.638354669333745,1,0,0.0,,,,
W2467604901,0.0,0.0,2016,stat.ML,0.6931471805599453,2.6390573296152584,1,1,3.258096538021482,3.0,0.544283732969439,0.0,0.833333333333333
W2577946330,0.0,0.0,2016,cs.LG,0.6931471805599453,2.8903717578961645,1,1,4.174387269895637,4.0,0.279704172582172,0.018867924528301,0.943396226415094
W2963090522,5.88,5.88,2015,stat.ML,1.0986122886681098,3.9318256327243257,1,1,3.555348061489413,3.0,0.656527684932917,0.0,0.75
W2546066744,6.13,6.13,2016,cs.CV,1.791759469228055,5.442417710521793,1,0,0.0,,,,
W2409550820,0.0,0.0,2016,cs.LG,1.3862943611198906,4.174387269895637,1,1,4.007333185232471,3.0,0.282600106577289,0.0,0.934782608695652
W2521028896,0.0,0.0,2016,cs.LG,1.3862943611198906,4.382026634673881,1,1,3.1780538303479458,1.0,0.0,0.0,1.0
W2548275288,4.17,4.17,2016,stat.ML,1.3862943611198906,3.737669618283368,1,1,3.4339872044851463,4.0,0.5735160760972791,0.0,0.8518518518518511
W2523714292,1.25,1.25,2016,cs.CV,2.4849066497880004,4.430816798843313,1,1,4.174387269895637,5.0,0.387776052340426,0.0,0.919354838709677
W2412510955,0.0,0.0,2016,stat.ML,0.6931471805599453,3.1354942159291497,1,1,2.302585092994046,1.0,0.0,0.0,1.0
W2962897886,3.92,3.92,2014,stat.ML,1.3862943611198906,4.060443010546419,1,1,3.5263605246161616,3.0,0.457102293255429,0.032258064516129,0.8709677419354831
W2554314924,0.0,0.0,2016,cs.LG,1.6094379124341005,4.07753744390572,1,0,0.0,,,,
W2434014514,0.0,0.0,2016,cs.LG,1.0986122886681098,5.043425116919247,1,1,3.091042453358316,7.0,1.302061391872972,0.052631578947368,0.631578947368421
W2556467266,1.61,1.61,2016,cs.LG,2.079441541679836,3.8918202981106265,1,1,3.1780538303479458,3.0,0.5181862130502121,0.05,0.85
W4296979096,0.0,0.0,2016,cs.CV,2.079441541679836,6.352629396319567,1,0,0.0,,,,
W2527569769,0.0,0.0,2016,stat.ML,2.079441541679836,6.133398042996649,1,1,3.58351893845611,1.0,0.0,0.0,1.0
W2523469089,0.0,0.0,2016,cs.LG,1.6094379124341005,5.755742213586912,1,1,3.555348061489413,2.0,0.135793958751593,0.0,0.9696969696969692
W2585630030,0.0,0.0,2016,cs.LG,1.791759469228055,5.68697535633982,1,1,3.258096538021482,1.0,0.0,0.0,1.0
W2949496494,3.96,3.96,2016,cs.CV,1.9459101490553128,5.934894195619588,1,1,3.49650756146648,2.0,0.149994923610415,0.0,0.96551724137931
W2471149695,0.0,0.0,2016,cs.CV,1.0986122886681098,4.653960350157523,1,1,2.995732273553991,1.0,0.0,0.0,1.0
W2280377497,0.0,0.0,2016,stat.ML,1.6094379124341005,4.330733340286331,1,1,3.091042453358316,2.0,0.233791658706459,0.0625,0.9375
W2566467060,12.04,12.04,2016,cs.LG,1.6094379124341005,5.62040086571715,1,1,3.258096538021482,4.0,0.498758465912882,0.0,0.88
W2557969682,0.0,0.0,2016,cs.CV,1.3862943611198906,3.5263605246161616,1,1,2.70805020110221,1.0,0.0,0.0,1.0
W2556013083,12.3,12.3,2016,stat.ML,1.3862943611198906,4.68213122712422,1,0,0.0,,,,
W2527819024,0.0,0.0,2016,cs.LG,1.0986122886681098,4.127134385045092,1,1,3.332204510175204,5.0,0.703131580965568,0.043478260869565,0.826086956521739
W2559944883,0.0,0.0,2016,cs.NE,1.3862943611198906,2.772588722239781,1,1,2.995732273553991,1.0,0.0,0.0,1.0
W2949212125,0.0,0.0,2016,cs.CV,1.791759469228055,4.007333185232471,1,1,3.784189633918261,3.0,0.326442040956665,0.0,0.9210526315789472
W2952010110,0.0,0.0,2016,cs.CV,1.791759469228055,4.61512051684126,1,1,4.174387269895637,2.0,0.15841057013179,0.0,0.962962962962962
W2519430864,0.0,0.0,2016,stat.ML,0.6931471805599453,1.0986122886681098,1,1,3.871201010907891,5.0,0.675858541247912,0.0,0.833333333333333
W2567691283,0.0,0.0,2016,stat.ML,1.0986122886681098,3.49650756146648,1,0,0.0,,,,
W2399306074,0.0,0.0,2016,stat.ML,1.791759469228055,4.382026634673881,1,1,3.258096538021482,2.0,0.198515243345872,0.0,0.95
W4293577678,13.22,13.22,2016,cs.CV,1.3862943611198906,3.912023005428146,1,0,0.0,,,,
W2952038462,0.0,0.0,2016,cs.CV,1.791759469228055,5.739792912179234,1,1,2.833213344056216,2.0,0.6909233093138181,0.0,0.533333333333333
W2298457129,2.35,2.35,2016,stat.ML,1.791759469228055,4.189654742026425,1,1,3.367295829986474,4.0,0.5305096302300271,0.043478260869565,0.8695652173913041
W2529989861,10.91,10.91,2016,stat.ML,1.791759469228055,4.948759890378168,1,1,3.332204510175204,3.0,0.7902679680745901,0.0,0.6923076923076921
W2557046619,0.0,0.0,2016,stat.ML,1.0986122886681098,3.610917912644224,1,1,3.5263605246161616,3.0,0.6161286696018661,0.035714285714285,0.785714285714285
W2561036008,0.0,0.0,2016,cs.LG,1.6094379124341005,4.174387269895637,1,1,2.4849066497880004,2.0,0.410116318288409,0.0,0.8571428571428571
W2560169576,0.0,0.0,2016,cs.CV,1.3862943611198906,4.564348191467836,1,1,2.70805020110221,3.0,0.566085738959628,0.0,0.833333333333333
W2735970878,1.84,1.84,2016,cs.CV,1.9459101490553128,5.099866427824199,1,0,0.0,,,,
W2742479045,0.0,0.0,2016,cs.LG,1.3862943611198906,2.5649493574615367,1,1,3.828641396489095,2.0,0.121692402678061,0.0,0.973684210526315
W2564929713,57.52,57.52,2016,cs.LG,0.6931471805599453,1.3862943611198906,1,1,3.091042453358316,1.0,0.0,0.0,1.0
W2476099471,0.0,0.0,2016,cs.AI,1.0986122886681098,4.406719247264253,1,1,2.70805020110221,1.0,0.0,0.0,1.0
W1666690886,0.0,0.0,2015,cs.LG,0.6931471805599453,4.04305126783455,1,1,3.6635616461296463,1.0,0.0,0.0,1.0
W2963684088,0.0,0.0,2015,cs.LG,1.3862943611198906,3.784189633918261,1,0,0.0,,,,
W2557088662,0.0,0.0,2016,cs.LG,1.6094379124341005,5.0369526024136295,1,1,2.70805020110221,1.0,0.0,0.0,1.0
W4301968192,0.0,0.0,2016,cs.CV,1.0986122886681098,3.737669618283368,1,0,0.0,,,,
W2412320034,0.0,0.0,2016,cs.LG,1.3862943611198906,5.19295685089021,1,1,3.4657359027997265,2.0,0.149994923610415,0.0,0.96551724137931
W2549108983,0.0,0.0,2016,cs.LG,1.0986122886681098,4.406719247264253,1,1,2.995732273553991,1.0,0.0,0.0,1.0
W2951722763,0.0,0.0,2016,cs.CV,1.6094379124341005,5.389071729816501,1,1,3.49650756146648,3.0,0.29875805818934,0.0,0.93103448275862
W2952139859,0.0,0.0,2016,cs.CV,1.0986122886681098,3.737669618283368,1,1,3.1354942159291497,3.0,0.380506218477595,0.047619047619047,0.904761904761904
W2951745349,0.0,0.0,2016,cs.CV,1.0986122886681098,3.1780538303479458,1,1,3.367295829986474,3.0,0.443306691468087,0.0,0.88
W4298201114,9.92,9.92,2015,cs.CV,1.6094379124341005,4.543294782270004,1,0,0.0,,,,
W2215576850,0.0,0.0,2015,cs.CV,1.791759469228055,5.60947179518496,1,1,3.555348061489413,5.0,1.001244663346049,0.06060606060606,0.696969696969697
W2554713816,2.26,2.26,2016,stat.ML,2.19722457733622,5.337538079701318,1,1,2.4849066497880004,1.0,0.0,0.0,1.0
W2338185250,0.0,0.0,2016,stat.ML,1.0986122886681098,2.3978952727983707,1,1,2.833213344056216,3.0,0.7774621319109281,0.0625,0.6875
W2952171659,9.06,9.06,2016,cs.CV,1.791759469228055,4.990432586778736,1,1,3.80666248977032,1.0,0.0,0.0,1.0
W2202109488,0.0,0.0,2015,cs.LG,1.6094379124341005,4.31748811353631,1,1,3.091042453358316,2.0,0.191444081957717,0.0,0.952380952380952
W2559110679,0.0,0.0,2016,cs.AI,0.6931471805599453,2.19722457733622,1,1,2.302585092994046,1.0,0.0,0.0,1.0
W2415784353,0.0,0.0,2016,cs.LG,1.791759469228055,5.19295685089021,1,1,3.044522437723423,3.0,1.039720770839917,0.0,0.25
W4294620478,22.22,22.22,2016,cs.CV,1.3862943611198906,3.5263605246161616,1,0,0.0,,,,
W2563131459,0.0,0.0,2016,cs.AI,1.3862943611198906,1.3862943611198906,1,1,3.218875824868201,5.0,1.201470654472912,0.0,0.416666666666666
W2558737541,0.0,0.0,2016,cs.CL,1.6094379124341005,4.262679877041316,1,0,0.0,,,,
W1531388653,0.0,0.0,2015,cs.LG,1.3862943611198906,4.736198448394496,1,1,3.9318256327243257,5.0,0.680385242455356,0.02127659574468,0.8085106382978721
W2950447478,0.0,0.0,2016,cs.LG,1.3862943611198906,4.48863636973214,1,1,1.9459101490553128,2.0,0.450561208866304,0.0,0.833333333333333
W2174037025,13.64,13.64,2015,cs.NE,0.6931471805599453,0.6931471805599453,1,1,2.6390573296152584,1.0,0.0,0.0,1.0
W1487641199,0.0,0.0,2015,cs.LG,1.3862943611198906,3.8501476017100575,1,1,3.8918202981106265,5.0,0.630875705398611,0.044444444444444,0.8444444444444441
W1574502566,0.0,0.0,2015,stat.ML,1.0986122886681098,3.610917912644224,1,1,2.995732273553991,3.0,0.443757284260148,0.0,0.8823529411764701
W2308640704,0.0,0.0,2016,cs.LG,1.3862943611198906,4.418840607796598,1,1,3.1354942159291497,5.0,0.953256252840685,0.0,0.7142857142857141
W2951789542,0.0,0.0,2016,cs.CV,1.3862943611198906,5.3471075307174685,1,1,3.713572066704308,3.0,0.253067331874179,0.0,0.944444444444444
W2419501139,0.0,0.0,2016,stat.ML,1.3862943611198906,3.713572066704308,1,1,3.4011973816621555,5.0,0.766838231580212,0.0,0.8
W2432004435,10.15,10.15,2016,cs.LG,1.9459101490553128,4.727387818712341,1,0,0.0,,,,
W2952390294,0.0,0.0,2016,cs.CV,1.6094379124341005,3.9889840465642745,1,1,3.332204510175204,3.0,0.32450838693107,0.0,0.923076923076923
W3038022805,0.0,0.0,2015,cs.LG,1.791759469228055,4.653960350157523,1,1,2.6390573296152584,1.0,0.0,0.0,1.0
W2747490792,12.09,12.09,2016,cs.LG,1.791759469228055,3.688879454113936,1,1,2.995732273553991,2.0,0.257318640543831,0.0,0.928571428571428
W1565066160,0.0,0.0,2014,astro-ph.IM,0.6931471805599453,1.0986122886681098,1,1,3.828641396489095,7.0,1.650678195587298,0.045454545454545,0.227272727272727
W2949099979,0.0,0.0,2016,cs.CV,1.3862943611198906,5.099866427824199,1,1,3.555348061489413,4.0,0.518700438574282,0.0,0.8709677419354831
W2129069237,0.0,0.0,2015,cs.LG,1.6094379124341005,3.49650756146648,1,1,3.828641396489095,8.0,1.1740231747697711,0.048780487804878,0.6829268292682921
W834081922,0.0,0.0,2015,cs.LG,1.6094379124341005,3.970291913552122,1,1,3.58351893845611,6.0,0.9160825054413512,0.03030303030303,0.757575757575757
W2483814582,0.0,0.0,2016,cs.LG,1.0986122886681098,1.3862943611198906,1,1,2.772588722239781,4.0,0.89533266596809,0.0,0.7142857142857141
W2552611751,2.81,2.81,2016,cs.CV,1.6094379124341005,4.499809670330265,1,1,2.5649493574615367,1.0,0.0,0.0,1.0
W2431962807,6.82,6.82,2016,cs.LG,1.9459101490553128,5.247024072160486,1,1,3.5263605246161616,4.0,0.44624376141549,0.034482758620689,0.896551724137931
W2557665295,4.76,4.76,2016,cs.AI,1.3862943611198906,3.1354942159291497,1,1,2.19722457733622,1.0,0.0,0.0,1.0
W2951996801,0.0,0.0,2016,cs.CV,1.3862943611198906,5.068904202220232,1,1,3.9889840465642745,1.0,0.0,0.0,1.0
W2530372461,5.56,5.56,2016,cs.CV,1.9459101490553128,5.62040086571715,1,1,3.218875824868201,2.0,0.184907399167775,0.0,0.954545454545454
W592244745,0.0,0.0,2015,cs.LG,1.9459101490553128,5.652489180268651,1,1,2.9444389791664403,2.0,0.223718076065833,0.0,0.9411764705882352
W2949343725,0.0,0.0,2016,cs.CV,1.3862943611198906,3.784189633918261,1,0,0.6931471805599453,,,,
W2552465432,0.0,0.0,2016,cs.CV,1.3862943611198906,3.5263605246161616,1,1,3.4657359027997265,4.0,0.9724514629072172,0.0,0.642857142857142
W2511691466,5.0,5.0,2016,cs.CV,1.6094379124341005,3.367295829986474,1,1,2.6390573296152584,2.0,0.28683598305616,0.0,0.916666666666666
W2963250052,0.0,0.0,2015,stat.ML,0.6931471805599453,2.70805020110221,1,0,0.0,,,,
W2559991484,0.0,0.0,2016,cs.CV,1.6094379124341005,5.010635294096256,1,1,3.4011973816621555,1.0,0.0,0.0,1.0
W2565378226,9.62,9.62,2016,stat.ML,1.0986122886681098,4.02535169073515,1,1,2.4849066497880004,1.0,0.0,0.0,1.0
W2537458122,0.0,0.0,2016,cs.CV,1.791759469228055,3.737669618283368,1,0,0.0,,,,
W2952054472,1.75,1.75,2016,cs.CV,1.9459101490553128,4.174387269895637,1,1,3.4011973816621555,2.0,0.264052051825628,0.0,0.925925925925925
W4302343661,0.0,0.0,2016,cs.NE,0.6931471805599453,0.6931471805599453,1,0,0.0,,,,
W2464234964,5.37,5.37,2016,stat.ML,1.791759469228055,3.49650756146648,1,1,2.9444389791664403,1.0,0.0,0.0,1.0
W2560512785,1.54,1.54,2016,cs.LG,2.19722457733622,5.288267030694535,1,0,0.0,,,,
W1779483307,0.0,0.0,2015,cs.LG,0.6931471805599453,1.6094379124341005,1,0,0.0,,,,
W2259643685,0.0,0.0,2016,cs.LG,1.0986122886681098,4.127134385045092,1,0,0.0,,,,
W2561050497,0.0,0.0,2016,cs.LG,1.6094379124341005,4.976733742420574,1,0,0.0,,,,
W2951021768,0.0,0.0,2016,cs.CV,1.6094379124341005,5.673323267171493,1,1,3.7612001156935615,3.0,0.233172602373869,0.0,0.95
W2562221994,5.87,5.87,2016,stat.ML,2.079441541679836,4.158883083359672,1,0,0.0,,,,
W2530741948,5.88,5.88,2016,stat.ML,1.0986122886681098,3.7612001156935615,1,1,3.871201010907891,7.0,1.099268910064456,0.069767441860465,0.651162790697674
W2412589713,0.0,0.0,2016,stat.ML,1.0986122886681098,3.1354942159291497,1,1,3.1354942159291497,1.0,0.0,0.0,1.0
W2963501406,0.0,0.0,2015,cs.LG,1.6094379124341005,5.318119993844216,1,0,0.0,,,,
W2439880944,1.47,1.47,2016,stat.ML,2.19722457733622,4.465908118654584,1,1,3.367295829986474,6.0,1.096103599132013,0.038461538461538,0.6538461538461531
W2950338739,0.0,0.0,2016,cs.CR,1.3862943611198906,2.4849066497880004,1,0,0.0,,,,
W2176035349,0.0,0.0,2015,stat.ML,1.3862943611198906,4.189654742026425,1,1,3.332204510175204,5.0,1.025915840311924,0.0,0.695652173913043
W2416272112,0.0,0.0,2016,cs.LG,1.0986122886681098,5.176149732573829,1,1,2.70805020110221,3.0,0.535961049709069,0.076923076923076,0.846153846153846
W2269752429,0.0,0.0,2016,stat.ML,1.3862943611198906,4.736198448394496,1,1,2.70805020110221,1.0,0.0,0.0,1.0
W2559626456,0.0,0.0,2016,cs.LG,1.0986122886681098,4.454347296253507,1,1,2.995732273553991,3.0,0.485094091302211,0.0,0.866666666666666
W2469266052,1.96,1.96,2016,cs.CV,1.9459101490553128,4.634728988229636,1,1,3.49650756146648,4.0,0.7919327952430181,0.0,0.7241379310344821
W2558647090,23.34,23.34,2016,stat.ML,1.0986122886681098,2.6390573296152584,1,1,2.995732273553991,2.0,0.244930026794635,0.0,0.9333333333333332
W2554506842,20.15,20.15,2016,cs.LG,1.3862943611198906,3.49650756146648,1,0,0.0,,,,
W2951733136,0.0,0.0,2016,cs.CV,1.3862943611198906,4.007333185232471,1,1,3.4657359027997265,4.0,0.749962567906109,0.0,0.7741935483870961
W2302243225,0.0,0.0,2016,cs.CV,0.6931471805599453,0.6931471805599453,1,1,2.079441541679836,2.0,0.598269588585257,0.0,0.7142857142857141
W2950025457,0.0,0.0,2015,cs.CV,1.6094379124341005,4.8283137373023015,1,1,3.4011973816621555,3.0,0.798204295579866,0.0,0.678571428571428
W2572816092,5.0,5.0,2016,cs.LG,2.079441541679836,4.897839799950911,1,0,0.0,,,,
W2196707239,0.0,0.0,2015,cs.CV,1.3862943611198906,4.406719247264253,1,1,3.555348061489413,4.0,0.5950727898218281,0.0,0.8387096774193541
W2795910581,0.0,0.0,2016,cs.RO,1.791759469228055,4.787491742782046,1,1,5.375278407684165,7.0,0.8183947650970961,0.0,0.7035175879396981
W2564755245,0.0,0.0,2016,cs.CV,1.0986122886681098,2.079441541679836,1,1,2.9444389791664403,2.0,0.223718076065833,0.0,0.9411764705882352
W2950671334,0.0,0.0,2016,cs.CV,1.791759469228055,3.970291913552122,1,1,3.258096538021482,1.0,0.0,0.0,1.0
W2558578635,0.0,0.0,2016,cs.CV,1.6094379124341005,5.648974238161206,1,1,3.332204510175204,1.0,0.0,0.0,1.0
W284754667,0.0,0.0,2014,stat.ML,0.6931471805599453,2.8903717578961645,1,0,1.0986122886681098,,,,
W2584667682,0.0,0.0,2016,cs.CL,1.9459101490553128,5.634789603169249,1,1,2.833213344056216,1.0,0.0,0.0,1.0
W2599043313,0.0,0.0,2016,stat.ML,1.0986122886681098,3.367295829986474,1,0,0.0,,,,
W1544557312,0.0,0.0,2014,cs.LG,1.0986122886681098,2.3978952727983707,1,0,0.0,,,,
W2558687333,9.6,9.6,2016,stat.ML,1.3862943611198906,3.6635616461296463,1,1,3.295836866004329,3.0,0.501046913759096,0.0,0.8571428571428571
W2294780673,0.0,0.0,2016,cs.CV,1.3862943611198906,3.737669618283368,1,1,3.4339872044851463,3.0,0.32450838693107,0.0,0.923076923076923
W2951538594,0.0,0.0,2016,cs.CV,1.6094379124341005,5.60947179518496,1,1,3.9889840465642745,3.0,0.198821578103019,0.020408163265306,0.959183673469387
W2951652470,0.0,0.0,2016,cs.CL,1.0986122886681098,4.007333185232471,1,1,3.332204510175204,1.0,0.0,0.0,1.0
W2428952132,0.0,0.0,2016,cs.LG,1.6094379124341005,3.4339872044851463,1,1,3.367295829986474,4.0,0.484390116238003,0.0,0.884615384615384
W1852909287,0.0,0.0,2015,cs.NE,1.3862943611198906,3.7612001156935615,1,1,3.713572066704308,6.0,1.04564609877208,0.026315789473684,0.6578947368421051
W2560678327,9.94,9.94,2016,stat.ML,1.3862943611198906,3.1780538303479458,1,1,2.8903717578961645,2.0,0.271189373041844,0.0,0.923076923076923
W4300111288,13.97,13.97,2014,cs.LG,0.6931471805599453,2.772588722239781,1,0,0.0,,,,
W2287889828,0.0,0.0,2015,cs.CV,1.3862943611198906,4.248495242049359,1,1,4.07753744390572,2.0,0.092216057337191,0.0,0.9814814814814812
W2275365310,0.0,0.0,2016,cs.LG,1.3862943611198906,5.068904202220232,1,1,3.8501476017100575,4.0,0.378387007111836,0.0,0.916666666666666
W2534135591,0.0,0.0,2016,cs.LG,1.6094379124341005,3.912023005428146,1,1,3.737669618283368,3.0,0.5062608421468741,0.0,0.8571428571428571
W4294575421,0.0,0.0,2016,stat.ML,0.6931471805599453,1.3862943611198906,1,0,0.0,,,,
W1956526898,0.0,0.0,2015,cs.LG,1.6094379124341005,5.030437921392435,1,1,3.4011973816621555,2.0,0.15841057013179,0.0,0.962962962962962
W2559978439,0.0,0.0,2016,cs.CV,1.3862943611198906,4.07753744390572,1,1,3.295836866004329,2.0,0.184907399167775,0.045454545454545,0.954545454545454
W2537265010,14.36,14.36,2016,cs.AI,1.3862943611198906,4.330733340286331,1,1,3.044522437723423,4.0,0.790234755343282,0.058823529411764,0.764705882352941
W2562887561,0.0,0.0,2016,stat.ML,0.6931471805599453,2.833213344056216,1,1,3.367295829986474,3.0,0.419555892320233,0.0,0.8888888888888881
W2100820448,0.0,0.0,2015,cs.LG,1.0986122886681098,4.406719247264253,1,1,3.58351893845611,5.0,0.933142164646175,0.0,0.7272727272727271
W2343436474,0.0,0.0,2016,cs.CV,0.6931471805599453,1.9459101490553128,1,1,3.4657359027997265,1.0,0.0,0.0,1.0
W2950428484,0.0,0.0,2016,cs.CV,1.0986122886681098,3.737669618283368,1,1,3.367295829986474,2.0,0.348832095843031,0.111111111111111,0.8888888888888881
W2241785942,0.0,0.0,2015,cs.CV,1.9459101490553128,6.0112671744041615,1,1,3.49650756146648,1.0,0.0,0.0,1.0
W2584471052,8.33,8.33,2016,cs.CV,1.0986122886681098,2.079441541679836,1,1,2.70805020110221,2.0,0.325082973391448,0.0,0.9
W2147591838,0.0,0.0,2015,cs.MM,1.6094379124341005,3.6375861597263857,1,1,3.4657359027997265,2.0,0.142505867392737,0.0,0.9677419354838712
W2174412056,0.0,0.0,2015,stat.ML,1.3862943611198906,4.477336814478207,1,1,3.367295829986474,4.0,0.711386457135416,0.08,0.8
W2555417674,0.0,0.0,2016,cs.LG,1.0986122886681098,4.553876891600541,1,1,2.5649493574615367,1.0,0.0,0.0,1.0
W2950011704,0.0,0.0,2016,stat.ML,1.0986122886681098,4.477336814478207,1,1,2.772588722239781,4.0,0.754996758130824,0.0,0.785714285714285
W2952250911,7.02,7.02,2014,cs.CV,1.6094379124341005,5.247024072160486,1,1,3.044522437723423,3.0,0.394397691447442,0.0,0.9
W2564726951,0.0,0.0,2016,stat.ML,1.0986122886681098,3.80666248977032,1,1,2.995732273553991,2.0,0.223718076065833,0.0,0.9411764705882352
W2532488433,7.61,7.61,2016,stat.CO,1.0986122886681098,3.1354942159291497,1,0,0.0,,,,
W2511279186,0.0,0.0,2016,stat.ML,1.0986122886681098,3.871201010907891,1,1,3.828641396489095,6.0,0.567067632937967,0.024390243902439,0.8780487804878041
W2951597448,0.0,0.0,2016,cs.LG,1.6094379124341005,4.976733742420574,1,1,3.5263605246161616,5.0,0.5924028775138871,0.068965517241379,0.8620689655172411
W3040426824,0.0,0.0,2016,stat.ML,1.0986122886681098,3.8918202981106265,1,1,4.653960350157523,8.0,0.5495995610440451,0.05,0.89
W4321153488,0.0,0.0,2016,cs.CV,1.9459101490553128,5.1647859739235145,1,0,0.0,,,,
W2465870074,0.0,0.0,2016,cs.CV,1.3862943611198906,4.6443908991413725,1,1,3.5263605246161616,1.0,0.0,0.0,1.0
W2149171634,5.13,5.13,2014,cs.LG,1.791759469228055,4.499809670330265,1,1,3.4011973816621555,4.0,0.470900127917266,0.074074074074074,0.8888888888888881
W2398848749,2.78,2.78,2016,stat.ML,1.6094379124341005,3.4339872044851463,1,1,3.1354942159291497,4.0,1.006385669820259,0.047619047619047,0.476190476190476
W2296030723,17.39,17.39,2016,cs.CV,1.0986122886681098,2.6390573296152584,1,0,0.0,,,,
W2421157170,0.0,0.0,2015,cs.LG,1.6094379124341005,5.424950017481403,1,1,3.1354942159291497,4.0,0.708346577706171,0.0,0.8
W2302747106,0.0,0.0,2016,cs.LG,1.0986122886681098,3.737669618283368,1,1,2.833213344056216,4.0,0.9371558530657,0.0,0.6923076923076921
W2952134811,0.0,0.0,2016,cs.CV,1.0986122886681098,3.828641396489095,1,1,3.9889840465642745,3.0,0.380605576949747,0.0,0.897959183673469
W2558401060,0.0,0.0,2016,cs.CV,1.6094379124341005,4.969813299576001,1,1,3.688879454113936,3.0,0.253067331874179,0.0,0.944444444444444
W2559703163,7.88,7.88,2016,cs.CL,1.791759469228055,4.77912349311153,1,1,2.772588722239781,2.0,0.257318640543831,0.0,0.928571428571428
W2950652153,1.67,1.67,2016,cs.CV,1.3862943611198906,4.820281565605037,1,1,3.9889840465642745,2.0,0.167944147734173,0.0,0.96
W2440017556,0.0,0.0,2016,cs.AI,0.6931471805599453,1.791759469228055,1,1,3.295836866004329,8.0,1.406760455121906,0.12,0.6000000000000001
W2567094983,0.0,0.0,2016,stat.ML,1.3862943611198906,4.442651256490317,1,1,3.1780538303479458,3.0,0.5181862130502121,0.0,0.85
W2559721862,13.21,13.21,2016,cs.CV,1.6094379124341005,3.49650756146648,1,0,0.0,,,,
W2268087754,0.0,0.0,2015,cs.CV,1.0986122886681098,1.9459101490553128,1,1,2.5649493574615367,2.0,0.28683598305616,0.0,0.916666666666666
W2951824707,0.0,0.0,2016,cs.CV,1.791759469228055,5.468060141135132,1,1,3.258096538021482,4.0,0.498758465912882,0.0,0.88
W2289437094,0.0,0.0,2014,cs.AI,1.6094379124341005,2.70805020110221,1,1,1.9459101490553128,2.0,0.5004024235381871,0.2,0.8
W2553233759,39.21,39.21,2016,cs.SI,1.9459101490553128,3.970291913552122,1,1,2.70805020110221,6.0,1.524707393030143,0.384615384615384,0.461538461538461
W579939058,16.67,16.67,2015,stat.ML,1.6094379124341005,2.6390573296152584,1,1,3.5263605246161616,2.0,0.474139313057837,0.0,0.818181818181818
W2469989264,0.0,0.0,2016,cs.CL,1.9459101490553128,6.246106765481563,1,1,3.4339872044851463,1.0,0.0,0.0,1.0
W2540559501,0.0,0.0,2016,cs.CV,1.3862943611198906,2.995732273553991,1,0,0.0,,,,
W4394664408,0.0,0.0,2014,q-bio.QM,1.0986122886681098,1.3862943611198906,1,0,0.0,,,,
W2555727979,8.29,8.29,2016,cs.CV,1.791759469228055,5.247024072160486,1,1,3.1780538303479458,2.0,0.178844912716847,0.043478260869565,0.956521739130434
W4293771381,0.0,0.0,2015,cs.CV,1.0986122886681098,4.04305126783455,1,0,0.0,,,,
W2950429608,0.0,0.0,2016,cs.CL,1.0986122886681098,4.31748811353631,1,1,3.044522437723423,2.0,0.198515243345872,0.05,0.95
W2949859147,0.0,0.0,2014,quant-ph,0.6931471805599453,1.3862943611198906,1,1,3.5263605246161616,2.0,0.142505867392737,0.0,0.9677419354838712
W2952208216,0.0,0.0,2016,cs.DC,1.6094379124341005,4.61512051684126,1,1,3.044522437723423,4.0,0.7335417487636481,0.0,0.7894736842105261
W2539931556,30.71,30.71,2016,cs.SI,1.791759469228055,3.784189633918261,1,1,3.218875824868201,4.0,1.0014223119682,0.652173913043478,0.260869565217391
W919847557,0.0,0.0,2014,cs.IR,1.0986122886681098,1.0986122886681098,1,1,2.302585092994046,1.0,0.0,0.0,1.0
W1897757880,0.0,0.0,2014,cs.LG,0.6931471805599453,0.6931471805599453,1,0,1.3862943611198906,,,,
W2952153695,1.28,1.28,2016,cs.CV,2.079441541679836,5.389071729816501,1,1,3.8501476017100575,4.0,0.312736940514677,0.043478260869565,0.934782608695652
W2782086778,0.0,0.0,2015,astro-ph.IM,1.0986122886681098,1.6094379124341005,1,0,0.0,,,,
W2953108493,0.0,0.0,2016,cs.CV,1.791759469228055,4.382026634673881,1,1,3.4657359027997265,3.0,0.388734390220929,0.0,0.9
W4300163121,0.0,0.0,2015,cs.CV,1.6094379124341005,4.330733340286331,1,0,0.0,,,,
W2559019371,0.0,0.0,2016,cs.LG,1.3862943611198906,2.3978952727983707,1,0,0.0,,,,
W4299899889,0.0,0.0,2016,cs.CV,1.791759469228055,5.762051382780177,1,0,0.0,,,,
W4300764406,0.0,0.0,2016,cs.CL,1.6094379124341005,5.2574953720277815,1,0,0.0,,,,
W2968146990,2.22,2.22,2015,stat.ML,1.791759469228055,4.454347296253507,1,0,1.0986122886681098,,,,
W4394668012,8.71,8.71,2014,cs.LG,1.6094379124341005,5.556828061699537,1,0,0.0,,,,
W2556217437,1.85,1.85,2016,cs.AI,1.9459101490553128,4.158883083359672,1,1,3.7612001156935615,9.0,1.5580083513243022,0.175,0.5
