model_name,sample_name,outcome,moderator,formula,term,coef,std_err,stat,p_value,ci_low,ci_high,nobs,rsquared,rsquared_adj,aic,bic
M35_Hit10YearCat_CSCoreRefShare_Moderation,integration_base,Hit_Rate_10_year_cat,cs_core_reference_share,Hit_Rate_10_year_cat ~ HSS_Continuous * cs_core_reference_share + log_team_size + log_prior_knowledge + C(year) + C(arxiv_primary_category),Intercept,0.42507791115557914,0.1842210128219976,2.307434448676645,0.02103061264813446,0.06401136082897235,0.786144461482186,14643.0,0.07501213705778853,0.06717595638819074,9799.445110136126,10740.818103020978
M35_Hit10YearCat_CSCoreRefShare_Moderation,integration_base,Hit_Rate_10_year_cat,cs_core_reference_share,Hit_Rate_10_year_cat ~ HSS_Continuous * cs_core_reference_share + log_team_size + log_prior_knowledge + C(year) + C(arxiv_primary_category),C(year)[T.2015],-0.2263118455757393,0.1030605522789002,-2.195911438193143,0.028098282876197048,-0.4283068162691911,-0.024316874882287537,14643.0,0.07501213705778853,0.06717595638819074,9799.445110136126,10740.818103020978
M35_Hit10YearCat_CSCoreRefShare_Moderation,integration_base,Hit_Rate_10_year_cat,cs_core_reference_share,Hit_Rate_10_year_cat ~ HSS_Continuous * cs_core_reference_share + log_team_size + log_prior_knowledge + C(year) + C(arxiv_primary_category),C(year)[T.2016],-0.2709384116857024,0.09251596849078578,-2.92855834625659,0.00340537912684738,-0.4522663779224849,-0.0896104454489198,14643.0,0.07501213705778853,0.06717595638819074,9799.445110136126,10740.818103020978
M35_Hit10YearCat_CSCoreRefShare_Moderation,integration_base,Hit_Rate_10_year_cat,cs_core_reference_share,Hit_Rate_10_year_cat ~ HSS_Continuous * cs_core_reference_share + log_team_size + log_prior_knowledge + C(year) + C(arxiv_primary_category),C(year)[T.2017],-0.2833772110455108,0.09040673542985639,-3.134470122144537,0.0017216478535885902,-0.4605711564478706,-0.10618326564315098,14643.0,0.07501213705778853,0.06717595638819074,9799.445110136126,10740.818103020978
M35_Hit10YearCat_CSCoreRefShare_Moderation,integration_base,Hit_Rate_10_year_cat,cs_core_reference_share,Hit_Rate_10_year_cat ~ HSS_Continuous * cs_core_reference_share + log_team_size + log_prior_knowledge + C(year) + C(arxiv_primary_category),C(year)[T.2018],-0.29595097803570347,0.09004390901456791,-3.2867406721294445,0.001013541238165085,-0.4724337967314581,-0.11946815933994887,14643.0,0.07501213705778853,0.06717595638819074,9799.445110136126,10740.818103020978
M35_Hit10YearCat_CSCoreRefShare_Moderation,integration_base,Hit_Rate_10_year_cat,cs_core_reference_share,Hit_Rate_10_year_cat ~ HSS_Continuous * cs_core_reference_share + log_team_size + log_prior_knowledge + C(year) + C(arxiv_primary_category),C(year)[T.2019],-0.30556356726716133,0.0899253943744428,-3.3979674973102356,0.0006788848526646552,-0.48181410153663,-0.12931303299769265,14643.0,0.07501213705778853,0.06717595638819074,9799.445110136126,10740.818103020978
M35_Hit10YearCat_CSCoreRefShare_Moderation,integration_base,Hit_Rate_10_year_cat,cs_core_reference_share,Hit_Rate_10_year_cat ~ HSS_Continuous * cs_core_reference_share + log_team_size + log_prior_knowledge + C(year) + C(arxiv_primary_category),C(year)[T.2020],-0.2964759552523455,0.0898930531119546,-3.2980964044363743,0.0009734270718745943,-0.47266310181212273,-0.12028880869256825,14643.0,0.07501213705778853,0.06717595638819074,9799.445110136126,10740.818103020978
M35_Hit10YearCat_CSCoreRefShare_Moderation,integration_base,Hit_Rate_10_year_cat,cs_core_reference_share,Hit_Rate_10_year_cat ~ HSS_Continuous * cs_core_reference_share + log_team_size + log_prior_knowledge + C(year) + C(arxiv_primary_category),C(year)[T.2021],-0.2903008710776595,0.0898692304500306,-3.2302587840570594,0.0012367821740523579,-0.46644132607804983,-0.11416041607726918,14643.0,0.07501213705778853,0.06717595638819074,9799.445110136126,10740.818103020978
M35_Hit10YearCat_CSCoreRefShare_Moderation,integration_base,Hit_Rate_10_year_cat,cs_core_reference_share,Hit_Rate_10_year_cat ~ HSS_Continuous * cs_core_reference_share + log_team_size + log_prior_knowledge + C(year) + C(arxiv_primary_category),C(year)[T.2022],-0.16770800385415457,0.10877328418160945,-1.5418124506946658,0.12311917560049039,-0.38089972333024946,0.04548371562194031,14643.0,0.07501213705778853,0.06717595638819074,9799.445110136126,10740.818103020978
M35_Hit10YearCat_CSCoreRefShare_Moderation,integration_base,Hit_Rate_10_year_cat,cs_core_reference_share,Hit_Rate_10_year_cat ~ HSS_Continuous * cs_core_reference_share + log_team_size + log_prior_knowledge + C(year) + C(arxiv_primary_category),C(year)[T.2023],-0.3092577103208578,0.092705289823379,-3.3359230191723888,0.0008501670176255189,-0.49095673955102825,-0.12755868109068738,14643.0,0.07501213705778853,0.06717595638819074,9799.445110136126,10740.818103020978
M35_Hit10YearCat_CSCoreRefShare_Moderation,integration_base,Hit_Rate_10_year_cat,cs_core_reference_share,Hit_Rate_10_year_cat ~ HSS_Continuous * cs_core_reference_share + log_team_size + log_prior_knowledge + C(year) + C(arxiv_primary_category),C(year)[T.2024],-0.024774420279761677,0.129148020838575,-0.1918296549873403,0.8478756410113979,-0.27789988979799707,0.2283510492384737,14643.0,0.07501213705778853,0.06717595638819074,9799.445110136126,10740.818103020978
M35_Hit10YearCat_CSCoreRefShare_Moderation,integration_base,Hit_Rate_10_year_cat,cs_core_reference_share,Hit_Rate_10_year_cat ~ HSS_Continuous * cs_core_reference_share + log_team_size + log_prior_knowledge + C(year) + C(arxiv_primary_category),C(year)[T.2025],0.4601097145162942,0.1114116671014004,4.129816261500954,3.630532665777877e-05,0.2417468595399834,0.6784725694926049,14643.0,0.07501213705778853,0.06717595638819074,9799.445110136126,10740.818103020978
M35_Hit10YearCat_CSCoreRefShare_Moderation,integration_base,Hit_Rate_10_year_cat,cs_core_reference_share,Hit_Rate_10_year_cat ~ HSS_Continuous * cs_core_reference_share + log_team_size + log_prior_knowledge + C(year) + C(arxiv_primary_category),C(arxiv_primary_category)[T.astro-ph.GA],0.16120701960838713,0.28046807702996535,0.574778496417486,0.5654411116027531,-0.3885003101835506,0.7109143494003248,14643.0,0.07501213705778853,0.06717595638819074,9799.445110136126,10740.818103020978
M35_Hit10YearCat_CSCoreRefShare_Moderation,integration_base,Hit_Rate_10_year_cat,cs_core_reference_share,Hit_Rate_10_year_cat ~ HSS_Continuous * cs_core_reference_share + log_team_size + log_prior_knowledge + C(year) + C(arxiv_primary_category),C(arxiv_primary_category)[T.astro-ph.HE],0.6950102318983813,0.1608316628544062,4.32135202461684,1.550760355700571e-05,0.3797859651300567,1.0102344986667058,14643.0,0.07501213705778853,0.06717595638819074,9799.445110136126,10740.818103020978
M35_Hit10YearCat_CSCoreRefShare_Moderation,integration_base,Hit_Rate_10_year_cat,cs_core_reference_share,Hit_Rate_10_year_cat ~ HSS_Continuous * cs_core_reference_share + log_team_size + log_prior_knowledge + C(year) + C(arxiv_primary_category),C(arxiv_primary_category)[T.astro-ph.IM],-0.010392761830833402,0.19305255325266527,-0.05383384811922927,0.9570675417106326,-0.38876881332955815,0.3679832896678914,14643.0,0.07501213705778853,0.06717595638819074,9799.445110136126,10740.818103020978
M35_Hit10YearCat_CSCoreRefShare_Moderation,integration_base,Hit_Rate_10_year_cat,cs_core_reference_share,Hit_Rate_10_year_cat ~ HSS_Continuous * cs_core_reference_share + log_team_size + log_prior_knowledge + C(year) + C(arxiv_primary_category),C(arxiv_primary_category)[T.astro-ph.SR],0.6540364118599706,0.16109276005522802,4.059998795946789,4.907296898992852e-05,0.3383004039815711,0.9697724197383701,14643.0,0.07501213705778853,0.06717595638819074,9799.445110136126,10740.818103020978
M35_Hit10YearCat_CSCoreRefShare_Moderation,integration_base,Hit_Rate_10_year_cat,cs_core_reference_share,Hit_Rate_10_year_cat ~ HSS_Continuous * cs_core_reference_share + log_team_size + log_prior_knowledge + C(year) + C(arxiv_primary_category),C(arxiv_primary_category)[T.cond-mat.dis-nn],0.12262260926870336,0.2500373206426031,0.4904172263306923,0.623838689346629,-0.3674415339816921,0.6126867525190988,14643.0,0.07501213705778853,0.06717595638819074,9799.445110136126,10740.818103020978
M35_Hit10YearCat_CSCoreRefShare_Moderation,integration_base,Hit_Rate_10_year_cat,cs_core_reference_share,Hit_Rate_10_year_cat ~ HSS_Continuous * cs_core_reference_share + log_team_size + log_prior_knowledge + C(year) + C(arxiv_primary_category),C(arxiv_primary_category)[T.cond-mat.mes-hall],0.7114053438268719,0.16094361170407834,4.420214858449364,9.860281436755115e-06,0.39596166134507926,1.0268490263086645,14643.0,0.07501213705778853,0.06717595638819074,9799.445110136126,10740.818103020978
M35_Hit10YearCat_CSCoreRefShare_Moderation,integration_base,Hit_Rate_10_year_cat,cs_core_reference_share,Hit_Rate_10_year_cat ~ HSS_Continuous * cs_core_reference_share + log_team_size + log_prior_knowledge + C(year) + C(arxiv_primary_category),C(arxiv_primary_category)[T.cond-mat.mtrl-sci],-0.09674439969543103,0.2060826552597039,-0.46944464867028435,0.6387518404495942,-0.5006589818428346,0.3071701824519726,14643.0,0.07501213705778853,0.06717595638819074,9799.445110136126,10740.818103020978
M35_Hit10YearCat_CSCoreRefShare_Moderation,integration_base,Hit_Rate_10_year_cat,cs_core_reference_share,Hit_Rate_10_year_cat ~ HSS_Continuous * cs_core_reference_share + log_team_size + log_prior_knowledge + C(year) + C(arxiv_primary_category),C(arxiv_primary_category)[T.cond-mat.other],0.7973559579394651,0.16061633417987028,4.964351614740041,6.893096358127545e-07,0.4825537276180697,1.1121581882608607,14643.0,0.07501213705778853,0.06717595638819074,9799.445110136126,10740.818103020978
M35_Hit10YearCat_CSCoreRefShare_Moderation,integration_base,Hit_Rate_10_year_cat,cs_core_reference_share,Hit_Rate_10_year_cat ~ HSS_Continuous * cs_core_reference_share + log_team_size + log_prior_knowledge + C(year) + C(arxiv_primary_category),C(arxiv_primary_category)[T.cond-mat.soft],0.7235904337201987,0.16088127023680765,4.497667333525628,6.870308406213994e-06,0.40826893826899996,1.0389119291713975,14643.0,0.07501213705778853,0.06717595638819074,9799.445110136126,10740.818103020978
M35_Hit10YearCat_CSCoreRefShare_Moderation,integration_base,Hit_Rate_10_year_cat,cs_core_reference_share,Hit_Rate_10_year_cat ~ HSS_Continuous * cs_core_reference_share + log_team_size + log_prior_knowledge + C(year) + C(arxiv_primary_category),C(arxiv_primary_category)[T.cond-mat.stat-mech],-0.02851582284344662,0.26565834305691066,-0.1073402119252766,0.914519084306253,-0.5491966074275779,0.49216496174068464,14643.0,0.07501213705778853,0.06717595638819074,9799.445110136126,10740.818103020978
M35_Hit10YearCat_CSCoreRefShare_Moderation,integration_base,Hit_Rate_10_year_cat,cs_core_reference_share,Hit_Rate_10_year_cat ~ HSS_Continuous * cs_core_reference_share + log_team_size + log_prior_knowledge + C(year) + C(arxiv_primary_category),C(arxiv_primary_category)[T.cond-mat.str-el],0.7052344245984814,0.1606515213395255,4.389839689771868,1.1343425400337562e-05,0.39036322871144347,1.0201056204855194,14643.0,0.07501213705778853,0.06717595638819074,9799.445110136126,10740.818103020978
M35_Hit10YearCat_CSCoreRefShare_Moderation,integration_base,Hit_Rate_10_year_cat,cs_core_reference_share,Hit_Rate_10_year_cat ~ HSS_Continuous * cs_core_reference_share + log_team_size + log_prior_knowledge + C(year) + C(arxiv_primary_category),C(arxiv_primary_category)[T.cs.AI],-0.20263324702901128,0.16251396976485596,-1.2468666375094064,0.21244640152268968,-0.5211547747527603,0.1158882806947377,14643.0,0.07501213705778853,0.06717595638819074,9799.445110136126,10740.818103020978
M35_Hit10YearCat_CSCoreRefShare_Moderation,integration_base,Hit_Rate_10_year_cat,cs_core_reference_share,Hit_Rate_10_year_cat ~ HSS_Continuous * cs_core_reference_share + log_team_size + log_prior_knowledge + C(year) + C(arxiv_primary_category),C(arxiv_primary_category)[T.cs.AR],-0.14182568009743285,0.1814056052121195,-0.7818153134330915,0.4343231201294343,-0.49737413290687854,0.21372277271201284,14643.0,0.07501213705778853,0.06717595638819074,9799.445110136126,10740.818103020978
M35_Hit10YearCat_CSCoreRefShare_Moderation,integration_base,Hit_Rate_10_year_cat,cs_core_reference_share,Hit_Rate_10_year_cat ~ HSS_Continuous * cs_core_reference_share + log_team_size + log_prior_knowledge + C(year) + C(arxiv_primary_category),C(arxiv_primary_category)[T.cs.CC],0.1925101675536443,0.30193301957204877,0.6375922972138083,0.5237391111429706,-0.39926767655099854,0.7842880116582871,14643.0,0.07501213705778853,0.06717595638819074,9799.445110136126,10740.818103020978
M35_Hit10YearCat_CSCoreRefShare_Moderation,integration_base,Hit_Rate_10_year_cat,cs_core_reference_share,Hit_Rate_10_year_cat ~ HSS_Continuous * cs_core_reference_share + log_team_size + log_prior_knowledge + C(year) + C(arxiv_primary_category),C(arxiv_primary_category)[T.cs.CE],0.045095302910962705,0.19732786199037777,0.2285298307907561,0.819234367998093,-0.341660199736468,0.4318508055583934,14643.0,0.07501213705778853,0.06717595638819074,9799.445110136126,10740.818103020978
M35_Hit10YearCat_CSCoreRefShare_Moderation,integration_base,Hit_Rate_10_year_cat,cs_core_reference_share,Hit_Rate_10_year_cat ~ HSS_Continuous * cs_core_reference_share + log_team_size + log_prior_knowledge + C(year) + C(arxiv_primary_category),C(arxiv_primary_category)[T.cs.CG],0.46477809943303705,0.2389090983340341,1.9454181639545642,0.05172467036184131,-0.003475128880608025,0.9330313277466822,14643.0,0.07501213705778853,0.06717595638819074,9799.445110136126,10740.818103020978
M35_Hit10YearCat_CSCoreRefShare_Moderation,integration_base,Hit_Rate_10_year_cat,cs_core_reference_share,Hit_Rate_10_year_cat ~ HSS_Continuous * cs_core_reference_share + log_team_size + log_prior_knowledge + C(year) + C(arxiv_primary_category),C(arxiv_primary_category)[T.cs.CL],-0.2588744601422296,0.16086153538007228,-1.6092999456369683,0.1075507709819059,-0.5741572759849869,0.05640835570052777,14643.0,0.07501213705778853,0.06717595638819074,9799.445110136126,10740.818103020978
M35_Hit10YearCat_CSCoreRefShare_Moderation,integration_base,Hit_Rate_10_year_cat,cs_core_reference_share,Hit_Rate_10_year_cat ~ HSS_Continuous * cs_core_reference_share + log_team_size + log_prior_knowledge + C(year) + C(arxiv_primary_category),C(arxiv_primary_category)[T.cs.CR],-0.18419242554636936,0.1635498894312365,-1.1262155308506758,0.26007430122324116,-0.5047443185071009,0.1363594674143622,14643.0,0.07501213705778853,0.06717595638819074,9799.445110136126,10740.818103020978
M35_Hit10YearCat_CSCoreRefShare_Moderation,integration_base,Hit_Rate_10_year_cat,cs_core_reference_share,Hit_Rate_10_year_cat ~ HSS_Continuous * cs_core_reference_share + log_team_size + log_prior_knowledge + C(year) + C(arxiv_primary_category),C(arxiv_primary_category)[T.cs.CV],-0.24691846392707173,0.16081308745382022,-1.5354376178989655,0.12467636935676711,-0.5621063235792494,0.06826939572510593,14643.0,0.07501213705778853,0.06717595638819074,9799.445110136126,10740.818103020978
M35_Hit10YearCat_CSCoreRefShare_Moderation,integration_base,Hit_Rate_10_year_cat,cs_core_reference_share,Hit_Rate_10_year_cat ~ HSS_Continuous * cs_core_reference_share + log_team_size + log_prior_knowledge + C(year) + C(arxiv_primary_category),C(arxiv_primary_category)[T.cs.CY],-0.1837051916877554,0.17319148537906823,-1.0607056766426801,0.28882367938316056,-0.5231542654597245,0.1557438820842137,14643.0,0.07501213705778853,0.06717595638819074,9799.445110136126,10740.818103020978
M35_Hit10YearCat_CSCoreRefShare_Moderation,integration_base,Hit_Rate_10_year_cat,cs_core_reference_share,Hit_Rate_10_year_cat ~ HSS_Continuous * cs_core_reference_share + log_team_size + log_prior_knowledge + C(year) + C(arxiv_primary_category),C(arxiv_primary_category)[T.cs.DB],-0.005074421145371972,0.2137168154394773,-0.023743668157029055,0.9810570736603721,-0.42395168229734126,0.4138028400065973,14643.0,0.07501213705778853,0.06717595638819074,9799.445110136126,10740.818103020978
M35_Hit10YearCat_CSCoreRefShare_Moderation,integration_base,Hit_Rate_10_year_cat,cs_core_reference_share,Hit_Rate_10_year_cat ~ HSS_Continuous * cs_core_reference_share + log_team_size + log_prior_knowledge + C(year) + C(arxiv_primary_category),C(arxiv_primary_category)[T.cs.DC],-0.13874297167617067,0.17547154185521216,-0.7906864566714326,0.42912698115709047,-0.4826608740240992,0.20517493067175785,14643.0,0.07501213705778853,0.06717595638819074,9799.445110136126,10740.818103020978
M35_Hit10YearCat_CSCoreRefShare_Moderation,integration_base,Hit_Rate_10_year_cat,cs_core_reference_share,Hit_Rate_10_year_cat ~ HSS_Continuous * cs_core_reference_share + log_team_size + log_prior_knowledge + C(year) + C(arxiv_primary_category),C(arxiv_primary_category)[T.cs.DL],0.4244204054773389,0.26055009523973083,1.6289397441472122,0.1033257753990472,-0.08624839736101447,0.9350892083156923,14643.0,0.07501213705778853,0.06717595638819074,9799.445110136126,10740.818103020978
M35_Hit10YearCat_CSCoreRefShare_Moderation,integration_base,Hit_Rate_10_year_cat,cs_core_reference_share,Hit_Rate_10_year_cat ~ HSS_Continuous * cs_core_reference_share + log_team_size + log_prior_knowledge + C(year) + C(arxiv_primary_category),C(arxiv_primary_category)[T.cs.DM],0.7492566889246413,0.16078919833882926,4.659869547615637,3.1640985013730755e-06,0.4341156510774684,1.064397726771814,14643.0,0.07501213705778853,0.06717595638819074,9799.445110136126,10740.818103020978
M35_Hit10YearCat_CSCoreRefShare_Moderation,integration_base,Hit_Rate_10_year_cat,cs_core_reference_share,Hit_Rate_10_year_cat ~ HSS_Continuous * cs_core_reference_share + log_team_size + log_prior_knowledge + C(year) + C(arxiv_primary_category),C(arxiv_primary_category)[T.cs.DS],0.03433979048024351,0.18910992917580674,0.18158639596506534,0.8559073257973143,-0.3363088598232581,0.4049884407837451,14643.0,0.07501213705778853,0.06717595638819074,9799.445110136126,10740.818103020978
M35_Hit10YearCat_CSCoreRefShare_Moderation,integration_base,Hit_Rate_10_year_cat,cs_core_reference_share,Hit_Rate_10_year_cat ~ HSS_Continuous * cs_core_reference_share + log_team_size + log_prior_knowledge + C(year) + C(arxiv_primary_category),C(arxiv_primary_category)[T.cs.ET],0.023659692867928513,0.22023349267389303,0.10743003973043373,0.9144478241447869,-0.40799002096236764,0.4553094066982247,14643.0,0.07501213705778853,0.06717595638819074,9799.445110136126,10740.818103020978
M35_Hit10YearCat_CSCoreRefShare_Moderation,integration_base,Hit_Rate_10_year_cat,cs_core_reference_share,Hit_Rate_10_year_cat ~ HSS_Continuous * cs_core_reference_share + log_team_size + log_prior_knowledge + C(year) + C(arxiv_primary_category),C(arxiv_primary_category)[T.cs.FL],0.701754142313982,0.16118009921222062,4.353851038334485,1.3376661913220771e-05,0.3858469528334369,1.0176613317945271,14643.0,0.07501213705778853,0.06717595638819074,9799.445110136126,10740.818103020978
M35_Hit10YearCat_CSCoreRefShare_Moderation,integration_base,Hit_Rate_10_year_cat,cs_core_reference_share,Hit_Rate_10_year_cat ~ HSS_Continuous * cs_core_reference_share + log_team_size + log_prior_knowledge + C(year) + C(arxiv_primary_category),C(arxiv_primary_category)[T.cs.GR],-0.15914505168747856,0.172170124739366,-0.9243476586219298,0.3553053367914354,-0.49659229539040445,0.17830219201544734,14643.0,0.07501213705778853,0.06717595638819074,9799.445110136126,10740.818103020978
M35_Hit10YearCat_CSCoreRefShare_Moderation,integration_base,Hit_Rate_10_year_cat,cs_core_reference_share,Hit_Rate_10_year_cat ~ HSS_Continuous * cs_core_reference_share + log_team_size + log_prior_knowledge + C(year) + C(arxiv_primary_category),C(arxiv_primary_category)[T.cs.GT],0.46230465660686637,0.24183667799061145,1.9116399565528843,0.05592239062329581,-0.011686522395542465,0.9362958356092752,14643.0,0.07501213705778853,0.06717595638819074,9799.445110136126,10740.818103020978
M35_Hit10YearCat_CSCoreRefShare_Moderation,integration_base,Hit_Rate_10_year_cat,cs_core_reference_share,Hit_Rate_10_year_cat ~ HSS_Continuous * cs_core_reference_share + log_team_size + log_prior_knowledge + C(year) + C(arxiv_primary_category),C(arxiv_primary_category)[T.cs.HC],-0.23316133342676915,0.1667513584034252,-1.398257475436433,0.1620357627780621,-0.5599879902706131,0.09366532341707473,14643.0,0.07501213705778853,0.06717595638819074,9799.445110136126,10740.818103020978
M35_Hit10YearCat_CSCoreRefShare_Moderation,integration_base,Hit_Rate_10_year_cat,cs_core_reference_share,Hit_Rate_10_year_cat ~ HSS_Continuous * cs_core_reference_share + log_team_size + log_prior_knowledge + C(year) + C(arxiv_primary_category),C(arxiv_primary_category)[T.cs.IR],-0.24392450447719619,0.1622108550939127,-1.5037495754274584,0.13264585909536644,-0.5618519383627106,0.07400292940831829,14643.0,0.07501213705778853,0.06717595638819074,9799.445110136126,10740.818103020978
M35_Hit10YearCat_CSCoreRefShare_Moderation,integration_base,Hit_Rate_10_year_cat,cs_core_reference_share,Hit_Rate_10_year_cat ~ HSS_Continuous * cs_core_reference_share + log_team_size + log_prior_knowledge + C(year) + C(arxiv_primary_category),C(arxiv_primary_category)[T.cs.IT],-0.14916512100964607,0.1611892781614272,-0.9254034927823226,0.35475606266731863,-0.46509030090005204,0.1667600588807599,14643.0,0.07501213705778853,0.06717595638819074,9799.445110136126,10740.818103020978
M35_Hit10YearCat_CSCoreRefShare_Moderation,integration_base,Hit_Rate_10_year_cat,cs_core_reference_share,Hit_Rate_10_year_cat ~ HSS_Continuous * cs_core_reference_share + log_team_size + log_prior_knowledge + C(year) + C(arxiv_primary_category),C(arxiv_primary_category)[T.cs.LG],-0.2352562117436689,0.16082510350992132,-1.4628077744663532,0.14351998515458234,-0.5504676224330409,0.07995519894570313,14643.0,0.07501213705778853,0.06717595638819074,9799.445110136126,10740.818103020978
M35_Hit10YearCat_CSCoreRefShare_Moderation,integration_base,Hit_Rate_10_year_cat,cs_core_reference_share,Hit_Rate_10_year_cat ~ HSS_Continuous * cs_core_reference_share + log_team_size + log_prior_knowledge + C(year) + C(arxiv_primary_category),C(arxiv_primary_category)[T.cs.LO],0.07688422345061481,0.21750922139660933,0.3534756961426617,0.7237318459770543,-0.3494260167920884,0.503194463693318,14643.0,0.07501213705778853,0.06717595638819074,9799.445110136126,10740.818103020978
M35_Hit10YearCat_CSCoreRefShare_Moderation,integration_base,Hit_Rate_10_year_cat,cs_core_reference_share,Hit_Rate_10_year_cat ~ HSS_Continuous * cs_core_reference_share + log_team_size + log_prior_knowledge + C(year) + C(arxiv_primary_category),C(arxiv_primary_category)[T.cs.MA],-0.03140066204263928,0.3028058598968894,-0.10369899067782817,0.9174082276601842,-0.624889241748224,0.5620879176629455,14643.0,0.07501213705778853,0.06717595638819074,9799.445110136126,10740.818103020978
M35_Hit10YearCat_CSCoreRefShare_Moderation,integration_base,Hit_Rate_10_year_cat,cs_core_reference_share,Hit_Rate_10_year_cat ~ HSS_Continuous * cs_core_reference_share + log_team_size + log_prior_knowledge + C(year) + C(arxiv_primary_category),C(arxiv_primary_category)[T.cs.MM],-0.14700639533636736,0.17047217422195288,-0.8623483334292825,0.388495862876595,-0.4811257171776324,0.18711292650489766,14643.0,0.07501213705778853,0.06717595638819074,9799.445110136126,10740.818103020978
M35_Hit10YearCat_CSCoreRefShare_Moderation,integration_base,Hit_Rate_10_year_cat,cs_core_reference_share,Hit_Rate_10_year_cat ~ HSS_Continuous * cs_core_reference_share + log_team_size + log_prior_knowledge + C(year) + C(arxiv_primary_category),C(arxiv_primary_category)[T.cs.MS],0.6689170900822717,0.16615433339459665,4.025878088257101,5.676309371906136e-05,0.34326058075360155,0.9945735994109419,14643.0,0.07501213705778853,0.06717595638819074,9799.445110136126,10740.818103020978
M35_Hit10YearCat_CSCoreRefShare_Moderation,integration_base,Hit_Rate_10_year_cat,cs_core_reference_share,Hit_Rate_10_year_cat ~ HSS_Continuous * cs_core_reference_share + log_team_size + log_prior_knowledge + C(year) + C(arxiv_primary_category),C(arxiv_primary_category)[T.cs.NE],-0.18107114172618333,0.16625534110855308,-1.089114734713735,0.2761032929338483,-0.5069256225363689,0.1447833390840022,14643.0,0.07501213705778853,0.06717595638819074,9799.445110136126,10740.818103020978
M35_Hit10YearCat_CSCoreRefShare_Moderation,integration_base,Hit_Rate_10_year_cat,cs_core_reference_share,Hit_Rate_10_year_cat ~ HSS_Continuous * cs_core_reference_share + log_team_size + log_prior_knowledge + C(year) + C(arxiv_primary_category),C(arxiv_primary_category)[T.cs.NI],-0.14869995053170512,0.16925077086722867,-0.8785776854650491,0.3796302992205868,-0.48042536578711437,0.1830254647237041,14643.0,0.07501213705778853,0.06717595638819074,9799.445110136126,10740.818103020978
M35_Hit10YearCat_CSCoreRefShare_Moderation,integration_base,Hit_Rate_10_year_cat,cs_core_reference_share,Hit_Rate_10_year_cat ~ HSS_Continuous * cs_core_reference_share + log_team_size + log_prior_knowledge + C(year) + C(arxiv_primary_category),C(arxiv_primary_category)[T.cs.OH],0.6428925560369384,0.16194883409215546,3.969726362284933,7.195521962121317e-05,0.32547867387806123,0.9603064381958155,14643.0,0.07501213705778853,0.06717595638819074,9799.445110136126,10740.818103020978
M35_Hit10YearCat_CSCoreRefShare_Moderation,integration_base,Hit_Rate_10_year_cat,cs_core_reference_share,Hit_Rate_10_year_cat ~ HSS_Continuous * cs_core_reference_share + log_team_size + log_prior_knowledge + C(year) + C(arxiv_primary_category),C(arxiv_primary_category)[T.cs.PF],0.625672818298379,0.16115771117798325,3.8823635166137556,0.0001034460793657014,0.3098095085586237,0.9415361280381342,14643.0,0.07501213705778853,0.06717595638819074,9799.445110136126,10740.818103020978
M35_Hit10YearCat_CSCoreRefShare_Moderation,integration_base,Hit_Rate_10_year_cat,cs_core_reference_share,Hit_Rate_10_year_cat ~ HSS_Continuous * cs_core_reference_share + log_team_size + log_prior_knowledge + C(year) + C(arxiv_primary_category),C(arxiv_primary_category)[T.cs.PL],-0.04514955568752744,0.19742479949263328,-0.22869242265185713,0.8191079845829474,-0.43209505234813017,0.3417959409730753,14643.0,0.07501213705778853,0.06717595638819074,9799.445110136126,10740.818103020978
M35_Hit10YearCat_CSCoreRefShare_Moderation,integration_base,Hit_Rate_10_year_cat,cs_core_reference_share,Hit_Rate_10_year_cat ~ HSS_Continuous * cs_core_reference_share + log_team_size + log_prior_knowledge + C(year) + C(arxiv_primary_category),C(arxiv_primary_category)[T.cs.RO],-0.17056016035152902,0.1652071456843282,-1.032401834951069,0.3018839127060753,-0.49436021588147416,0.1532398951784161,14643.0,0.07501213705778853,0.06717595638819074,9799.445110136126,10740.818103020978
M35_Hit10YearCat_CSCoreRefShare_Moderation,integration_base,Hit_Rate_10_year_cat,cs_core_reference_share,Hit_Rate_10_year_cat ~ HSS_Continuous * cs_core_reference_share + log_team_size + log_prior_knowledge + C(year) + C(arxiv_primary_category),C(arxiv_primary_category)[T.cs.SC],0.756155667529327,0.16090082196530267,4.69951401300105,2.6078132883218164e-06,0.4407958513944425,1.0715154836642113,14643.0,0.07501213705778853,0.06717595638819074,9799.445110136126,10740.818103020978
M35_Hit10YearCat_CSCoreRefShare_Moderation,integration_base,Hit_Rate_10_year_cat,cs_core_reference_share,Hit_Rate_10_year_cat ~ HSS_Continuous * cs_core_reference_share + log_team_size + log_prior_knowledge + C(year) + C(arxiv_primary_category),C(arxiv_primary_category)[T.cs.SD],-0.2374812786563085,0.16222324606250288,-1.4639164510665106,0.14321677786362513,-0.5554329983939933,0.08047044108137627,14643.0,0.07501213705778853,0.06717595638819074,9799.445110136126,10740.818103020978
M35_Hit10YearCat_CSCoreRefShare_Moderation,integration_base,Hit_Rate_10_year_cat,cs_core_reference_share,Hit_Rate_10_year_cat ~ HSS_Continuous * cs_core_reference_share + log_team_size + log_prior_knowledge + C(year) + C(arxiv_primary_category),C(arxiv_primary_category)[T.cs.SE],-0.2463807590159144,0.16431155036796946,-1.4994731561119963,0.13375092757716434,-0.5684254799810736,0.07566396194924482,14643.0,0.07501213705778853,0.06717595638819074,9799.445110136126,10740.818103020978
M35_Hit10YearCat_CSCoreRefShare_Moderation,integration_base,Hit_Rate_10_year_cat,cs_core_reference_share,Hit_Rate_10_year_cat ~ HSS_Continuous * cs_core_reference_share + log_team_size + log_prior_knowledge + C(year) + C(arxiv_primary_category),C(arxiv_primary_category)[T.cs.SI],-0.1933062593643522,0.16575310077090186,-1.166230124596784,0.24352141590985854,-0.5181763672011581,0.13156384847245373,14643.0,0.07501213705778853,0.06717595638819074,9799.445110136126,10740.818103020978
M35_Hit10YearCat_CSCoreRefShare_Moderation,integration_base,Hit_Rate_10_year_cat,cs_core_reference_share,Hit_Rate_10_year_cat ~ HSS_Continuous * cs_core_reference_share + log_team_size + log_prior_knowledge + C(year) + C(arxiv_primary_category),C(arxiv_primary_category)[T.econ.EM],0.6357376135582975,0.1782039832133251,3.567471400441517,0.00036044270495698855,0.28646422455859993,0.985011002557995,14643.0,0.07501213705778853,0.06717595638819074,9799.445110136126,10740.818103020978
M35_Hit10YearCat_CSCoreRefShare_Moderation,integration_base,Hit_Rate_10_year_cat,cs_core_reference_share,Hit_Rate_10_year_cat ~ HSS_Continuous * cs_core_reference_share + log_team_size + log_prior_knowledge + C(year) + C(arxiv_primary_category),C(arxiv_primary_category)[T.econ.GN],0.7711257392371207,0.16269447251213015,4.739716889764815,2.140170389406372e-06,0.4522504326296038,1.0900010458446376,14643.0,0.07501213705778853,0.06717595638819074,9799.445110136126,10740.818103020978
M35_Hit10YearCat_CSCoreRefShare_Moderation,integration_base,Hit_Rate_10_year_cat,cs_core_reference_share,Hit_Rate_10_year_cat ~ HSS_Continuous * cs_core_reference_share + log_team_size + log_prior_knowledge + C(year) + C(arxiv_primary_category),C(arxiv_primary_category)[T.eess.AS],-0.23967719814831331,0.16171749432727447,-1.4820734092210737,0.13832076320509323,-0.5566376626998317,0.07728326640320513,14643.0,0.07501213705778853,0.06717595638819074,9799.445110136126,10740.818103020978
M35_Hit10YearCat_CSCoreRefShare_Moderation,integration_base,Hit_Rate_10_year_cat,cs_core_reference_share,Hit_Rate_10_year_cat ~ HSS_Continuous * cs_core_reference_share + log_team_size + log_prior_knowledge + C(year) + C(arxiv_primary_category),C(arxiv_primary_category)[T.eess.IV],-0.21906340706471641,0.16127089309967368,-1.3583567552349574,0.1743505092657477,-0.5351485492946859,0.09702173516525311,14643.0,0.07501213705778853,0.06717595638819074,9799.445110136126,10740.818103020978
M35_Hit10YearCat_CSCoreRefShare_Moderation,integration_base,Hit_Rate_10_year_cat,cs_core_reference_share,Hit_Rate_10_year_cat ~ HSS_Continuous * cs_core_reference_share + log_team_size + log_prior_knowledge + C(year) + C(arxiv_primary_category),C(arxiv_primary_category)[T.eess.SP],-0.16079565663455453,0.16219771259724114,-0.9913558832597836,0.3215118342533163,-0.4786973316999258,0.15710601843081673,14643.0,0.07501213705778853,0.06717595638819074,9799.445110136126,10740.818103020978
M35_Hit10YearCat_CSCoreRefShare_Moderation,integration_base,Hit_Rate_10_year_cat,cs_core_reference_share,Hit_Rate_10_year_cat ~ HSS_Continuous * cs_core_reference_share + log_team_size + log_prior_knowledge + C(year) + C(arxiv_primary_category),C(arxiv_primary_category)[T.eess.SY],-0.027954278553736257,0.17853342306808614,-0.15657728437254861,0.8755780061437838,-0.3778733578038376,0.321964800696365,14643.0,0.07501213705778853,0.06717595638819074,9799.445110136126,10740.818103020978
M35_Hit10YearCat_CSCoreRefShare_Moderation,integration_base,Hit_Rate_10_year_cat,cs_core_reference_share,Hit_Rate_10_year_cat ~ HSS_Continuous * cs_core_reference_share + log_team_size + log_prior_knowledge + C(year) + C(arxiv_primary_category),C(arxiv_primary_category)[T.gr-qc],0.5806539956105834,0.161227099575895,3.6014664850883213,0.0003164272199132681,0.26465468710997614,0.8966533041111906,14643.0,0.07501213705778853,0.06717595638819074,9799.445110136126,10740.818103020978
M35_Hit10YearCat_CSCoreRefShare_Moderation,integration_base,Hit_Rate_10_year_cat,cs_core_reference_share,Hit_Rate_10_year_cat ~ HSS_Continuous * cs_core_reference_share + log_team_size + log_prior_knowledge + C(year) + C(arxiv_primary_category),C(arxiv_primary_category)[T.hep-ex],0.6652060927832167,0.16140184257562243,4.121428121067108,3.765309550083678e-05,0.34886429429659327,0.9815478912698402,14643.0,0.07501213705778853,0.06717595638819074,9799.445110136126,10740.818103020978
M35_Hit10YearCat_CSCoreRefShare_Moderation,integration_base,Hit_Rate_10_year_cat,cs_core_reference_share,Hit_Rate_10_year_cat ~ HSS_Continuous * cs_core_reference_share + log_team_size + log_prior_knowledge + C(year) + C(arxiv_primary_category),C(arxiv_primary_category)[T.hep-lat],0.4693967481279504,0.26046206096760194,1.8021693692515826,0.07151876232658276,-0.041099510707625186,0.979893006963526,14643.0,0.07501213705778853,0.06717595638819074,9799.445110136126,10740.818103020978
M35_Hit10YearCat_CSCoreRefShare_Moderation,integration_base,Hit_Rate_10_year_cat,cs_core_reference_share,Hit_Rate_10_year_cat ~ HSS_Continuous * cs_core_reference_share + log_team_size + log_prior_knowledge + C(year) + C(arxiv_primary_category),C(arxiv_primary_category)[T.hep-ph],-0.03296505588142353,0.2173843888115644,-0.15164408107519936,0.8794676637674007,-0.45903062875334166,0.39310051699049464,14643.0,0.07501213705778853,0.06717595638819074,9799.445110136126,10740.818103020978
M35_Hit10YearCat_CSCoreRefShare_Moderation,integration_base,Hit_Rate_10_year_cat,cs_core_reference_share,Hit_Rate_10_year_cat ~ HSS_Continuous * cs_core_reference_share + log_team_size + log_prior_knowledge + C(year) + C(arxiv_primary_category),C(arxiv_primary_category)[T.hep-th],0.7894052344910731,0.16190738475170646,4.875659227660726,1.0844567966722491e-06,0.4720725915466589,1.1067378774354872,14643.0,0.07501213705778853,0.06717595638819074,9799.445110136126,10740.818103020978
M35_Hit10YearCat_CSCoreRefShare_Moderation,integration_base,Hit_Rate_10_year_cat,cs_core_reference_share,Hit_Rate_10_year_cat ~ HSS_Continuous * cs_core_reference_share + log_team_size + log_prior_knowledge + C(year) + C(arxiv_primary_category),C(arxiv_primary_category)[T.math.AG],0.7610715966465664,0.1609712396273719,4.727997364053052,2.2674512810429578e-06,0.4455737644301508,1.0765694288629821,14643.0,0.07501213705778853,0.06717595638819074,9799.445110136126,10740.818103020978
M35_Hit10YearCat_CSCoreRefShare_Moderation,integration_base,Hit_Rate_10_year_cat,cs_core_reference_share,Hit_Rate_10_year_cat ~ HSS_Continuous * cs_core_reference_share + log_team_size + log_prior_knowledge + C(year) + C(arxiv_primary_category),C(arxiv_primary_category)[T.math.AP],0.17245823313923297,0.20931940473760838,0.8238998833166825,0.409996446746848,-0.23780026141184218,0.5827167276903081,14643.0,0.07501213705778853,0.06717595638819074,9799.445110136126,10740.818103020978
M35_Hit10YearCat_CSCoreRefShare_Moderation,integration_base,Hit_Rate_10_year_cat,cs_core_reference_share,Hit_Rate_10_year_cat ~ HSS_Continuous * cs_core_reference_share + log_team_size + log_prior_knowledge + C(year) + C(arxiv_primary_category),C(arxiv_primary_category)[T.math.CO],0.7272301246188648,0.16126783167742675,4.5094555873578965,6.499419886573752e-06,0.4111509826662407,1.043309266571489,14643.0,0.07501213705778853,0.06717595638819074,9799.445110136126,10740.818103020978
M35_Hit10YearCat_CSCoreRefShare_Moderation,integration_base,Hit_Rate_10_year_cat,cs_core_reference_share,Hit_Rate_10_year_cat ~ HSS_Continuous * cs_core_reference_share + log_team_size + log_prior_knowledge + C(year) + C(arxiv_primary_category),C(arxiv_primary_category)[T.math.DS],0.6069624393035946,0.19229163161137514,3.1564682987883566,0.0015969224511243098,0.2300777668168556,0.9838471117903336,14643.0,0.07501213705778853,0.06717595638819074,9799.445110136126,10740.818103020978
M35_Hit10YearCat_CSCoreRefShare_Moderation,integration_base,Hit_Rate_10_year_cat,cs_core_reference_share,Hit_Rate_10_year_cat ~ HSS_Continuous * cs_core_reference_share + log_team_size + log_prior_knowledge + C(year) + C(arxiv_primary_category),C(arxiv_primary_category)[T.math.GR],0.7869439299709984,0.16106862330944222,4.885768027327926,1.030264438019855e-06,0.471255229245043,1.1026326306969538,14643.0,0.07501213705778853,0.06717595638819074,9799.445110136126,10740.818103020978
M35_Hit10YearCat_CSCoreRefShare_Moderation,integration_base,Hit_Rate_10_year_cat,cs_core_reference_share,Hit_Rate_10_year_cat ~ HSS_Continuous * cs_core_reference_share + log_team_size + log_prior_knowledge + C(year) + C(arxiv_primary_category),C(arxiv_primary_category)[T.math.LO],0.7921728564068966,0.16100069609313722,4.920307027421999,8.640855722687481e-07,0.4766172905784691,1.107728422235324,14643.0,0.07501213705778853,0.06717595638819074,9799.445110136126,10740.818103020978
M35_Hit10YearCat_CSCoreRefShare_Moderation,integration_base,Hit_Rate_10_year_cat,cs_core_reference_share,Hit_Rate_10_year_cat ~ HSS_Continuous * cs_core_reference_share + log_team_size + log_prior_knowledge + C(year) + C(arxiv_primary_category),C(arxiv_primary_category)[T.math.NA],-0.08009338227674145,0.17904439666863223,-0.44733811147955044,0.6546309534872835,-0.4310139513809639,0.27082718682748097,14643.0,0.07501213705778853,0.06717595638819074,9799.445110136126,10740.818103020978
M35_Hit10YearCat_CSCoreRefShare_Moderation,integration_base,Hit_Rate_10_year_cat,cs_core_reference_share,Hit_Rate_10_year_cat ~ HSS_Continuous * cs_core_reference_share + log_team_size + log_prior_knowledge + C(year) + C(arxiv_primary_category),C(arxiv_primary_category)[T.math.NT],0.6657859038440243,0.16119715131588838,4.130258496561912,3.623555685899702e-05,0.34984529285442967,0.9817265148336188,14643.0,0.07501213705778853,0.06717595638819074,9799.445110136126,10740.818103020978
M35_Hit10YearCat_CSCoreRefShare_Moderation,integration_base,Hit_Rate_10_year_cat,cs_core_reference_share,Hit_Rate_10_year_cat ~ HSS_Continuous * cs_core_reference_share + log_team_size + log_prior_knowledge + C(year) + C(arxiv_primary_category),C(arxiv_primary_category)[T.math.OC],-0.15349400791220102,0.17006332037531283,-0.9025697462183793,0.3667542892556517,-0.48681199093911093,0.17982397511470888,14643.0,0.07501213705778853,0.06717595638819074,9799.445110136126,10740.818103020978
M35_Hit10YearCat_CSCoreRefShare_Moderation,integration_base,Hit_Rate_10_year_cat,cs_core_reference_share,Hit_Rate_10_year_cat ~ HSS_Continuous * cs_core_reference_share + log_team_size + log_prior_knowledge + C(year) + C(arxiv_primary_category),C(arxiv_primary_category)[T.math.PR],0.23864506319404924,0.22739737257043963,1.049462711448548,0.2939652085180037,-0.2070455972230488,0.6843357236111473,14643.0,0.07501213705778853,0.06717595638819074,9799.445110136126,10740.818103020978
M35_Hit10YearCat_CSCoreRefShare_Moderation,integration_base,Hit_Rate_10_year_cat,cs_core_reference_share,Hit_Rate_10_year_cat ~ HSS_Continuous * cs_core_reference_share + log_team_size + log_prior_knowledge + C(year) + C(arxiv_primary_category),C(arxiv_primary_category)[T.math.ST],0.07055031762449468,0.21651649476580384,0.32584269249696557,0.7445433759912253,-0.353814214175336,0.4949148494243253,14643.0,0.07501213705778853,0.06717595638819074,9799.445110136126,10740.818103020978
M35_Hit10YearCat_CSCoreRefShare_Moderation,integration_base,Hit_Rate_10_year_cat,cs_core_reference_share,Hit_Rate_10_year_cat ~ HSS_Continuous * cs_core_reference_share + log_team_size + log_prior_knowledge + C(year) + C(arxiv_primary_category),C(arxiv_primary_category)[T.nlin.AO],0.7484158827450761,0.16086462802137547,4.6524577338756385,3.2800198339895443e-06,0.4331270054367474,1.0637047600534046,14643.0,0.07501213705778853,0.06717595638819074,9799.445110136126,10740.818103020978
M35_Hit10YearCat_CSCoreRefShare_Moderation,integration_base,Hit_Rate_10_year_cat,cs_core_reference_share,Hit_Rate_10_year_cat ~ HSS_Continuous * cs_core_reference_share + log_team_size + log_prior_knowledge + C(year) + C(arxiv_primary_category),C(arxiv_primary_category)[T.nlin.PS],0.7532206916573875,0.1606043072188243,4.689915885201758,2.7331738149482157e-06,0.43844203374648566,1.0679993495682893,14643.0,0.07501213705778853,0.06717595638819074,9799.445110136126,10740.818103020978
M35_Hit10YearCat_CSCoreRefShare_Moderation,integration_base,Hit_Rate_10_year_cat,cs_core_reference_share,Hit_Rate_10_year_cat ~ HSS_Continuous * cs_core_reference_share + log_team_size + log_prior_knowledge + C(year) + C(arxiv_primary_category),C(arxiv_primary_category)[T.nucl-th],0.7637832478747955,0.1608665551686357,4.7479306501847125,2.0550847287938826e-06,0.4484905934272438,1.079075902322347,14643.0,0.07501213705778853,0.06717595638819074,9799.445110136126,10740.818103020978
M35_Hit10YearCat_CSCoreRefShare_Moderation,integration_base,Hit_Rate_10_year_cat,cs_core_reference_share,Hit_Rate_10_year_cat ~ HSS_Continuous * cs_core_reference_share + log_team_size + log_prior_knowledge + C(year) + C(arxiv_primary_category),C(arxiv_primary_category)[T.physics.acc-ph],0.48798252185323004,0.27655132289282897,1.7645278885262694,0.07764314424150216,-0.0540481108936221,1.0300131546000821,14643.0,0.07501213705778853,0.06717595638819074,9799.445110136126,10740.818103020978
M35_Hit10YearCat_CSCoreRefShare_Moderation,integration_base,Hit_Rate_10_year_cat,cs_core_reference_share,Hit_Rate_10_year_cat ~ HSS_Continuous * cs_core_reference_share + log_team_size + log_prior_knowledge + C(year) + C(arxiv_primary_category),C(arxiv_primary_category)[T.physics.ao-ph],0.031559397032814025,0.25076054506850065,0.12585471539868,0.899846929434878,-0.4599222400450803,0.5230410341107083,14643.0,0.07501213705778853,0.06717595638819074,9799.445110136126,10740.818103020978
M35_Hit10YearCat_CSCoreRefShare_Moderation,integration_base,Hit_Rate_10_year_cat,cs_core_reference_share,Hit_Rate_10_year_cat ~ HSS_Continuous * cs_core_reference_share + log_team_size + log_prior_knowledge + C(year) + C(arxiv_primary_category),C(arxiv_primary_category)[T.physics.app-ph],0.19256565961552558,0.2074962330984841,0.9280441227293412,0.353384682569581,-0.2141194841852312,0.5992508034162823,14643.0,0.07501213705778853,0.06717595638819074,9799.445110136126,10740.818103020978
M35_Hit10YearCat_CSCoreRefShare_Moderation,integration_base,Hit_Rate_10_year_cat,cs_core_reference_share,Hit_Rate_10_year_cat ~ HSS_Continuous * cs_core_reference_share + log_team_size + log_prior_knowledge + C(year) + C(arxiv_primary_category),C(arxiv_primary_category)[T.physics.atom-ph],0.7152804357870133,0.16079001128736067,4.4485377546785445,8.64568537297628e-06,0.4001378045899976,1.0304230669840289,14643.0,0.07501213705778853,0.06717595638819074,9799.445110136126,10740.818103020978
M35_Hit10YearCat_CSCoreRefShare_Moderation,integration_base,Hit_Rate_10_year_cat,cs_core_reference_share,Hit_Rate_10_year_cat ~ HSS_Continuous * cs_core_reference_share + log_team_size + log_prior_knowledge + C(year) + C(arxiv_primary_category),C(arxiv_primary_category)[T.physics.bio-ph],0.5236716500241001,0.24628159258850185,2.126312586012361,0.0334772407687411,0.040968598495469744,1.0063747015527305,14643.0,0.07501213705778853,0.06717595638819074,9799.445110136126,10740.818103020978
M35_Hit10YearCat_CSCoreRefShare_Moderation,integration_base,Hit_Rate_10_year_cat,cs_core_reference_share,Hit_Rate_10_year_cat ~ HSS_Continuous * cs_core_reference_share + log_team_size + log_prior_knowledge + C(year) + C(arxiv_primary_category),C(arxiv_primary_category)[T.physics.chem-ph],0.040793201214612856,0.23265849934173738,0.17533509985678322,0.8608163332401502,-0.41520907819232833,0.496795480621554,14643.0,0.07501213705778853,0.06717595638819074,9799.445110136126,10740.818103020978
M35_Hit10YearCat_CSCoreRefShare_Moderation,integration_base,Hit_Rate_10_year_cat,cs_core_reference_share,Hit_Rate_10_year_cat ~ HSS_Continuous * cs_core_reference_share + log_team_size + log_prior_knowledge + C(year) + C(arxiv_primary_category),C(arxiv_primary_category)[T.physics.comp-ph],0.02939308581076334,0.20985608504643063,0.1400630618085729,0.8886101652536511,-0.3819172828168153,0.44070345443834197,14643.0,0.07501213705778853,0.06717595638819074,9799.445110136126,10740.818103020978
M35_Hit10YearCat_CSCoreRefShare_Moderation,integration_base,Hit_Rate_10_year_cat,cs_core_reference_share,Hit_Rate_10_year_cat ~ HSS_Continuous * cs_core_reference_share + log_team_size + log_prior_knowledge + C(year) + C(arxiv_primary_category),C(arxiv_primary_category)[T.physics.data-an],0.16685796828598443,0.23740395380542084,0.7028441001565763,0.4821529107976428,-0.29844523096005116,0.63216116753202,14643.0,0.07501213705778853,0.06717595638819074,9799.445110136126,10740.818103020978
M35_Hit10YearCat_CSCoreRefShare_Moderation,integration_base,Hit_Rate_10_year_cat,cs_core_reference_share,Hit_Rate_10_year_cat ~ HSS_Continuous * cs_core_reference_share + log_team_size + log_prior_knowledge + C(year) + C(arxiv_primary_category),C(arxiv_primary_category)[T.physics.ed-ph],0.24009106878413425,0.42488680231323533,0.5650706670035238,0.5720256991475383,-0.5926717612561968,1.0728538988244654,14643.0,0.07501213705778853,0.06717595638819074,9799.445110136126,10740.818103020978
M35_Hit10YearCat_CSCoreRefShare_Moderation,integration_base,Hit_Rate_10_year_cat,cs_core_reference_share,Hit_Rate_10_year_cat ~ HSS_Continuous * cs_core_reference_share + log_team_size + log_prior_knowledge + C(year) + C(arxiv_primary_category),C(arxiv_primary_category)[T.physics.flu-dyn],0.07843710420857326,0.23474937715055966,0.3341312558979297,0.7382805153254048,-0.38166322039973355,0.53853742881688,14643.0,0.07501213705778853,0.06717595638819074,9799.445110136126,10740.818103020978
M35_Hit10YearCat_CSCoreRefShare_Moderation,integration_base,Hit_Rate_10_year_cat,cs_core_reference_share,Hit_Rate_10_year_cat ~ HSS_Continuous * cs_core_reference_share + log_team_size + log_prior_knowledge + C(year) + C(arxiv_primary_category),C(arxiv_primary_category)[T.physics.geo-ph],0.21921651403292633,0.2303811960695814,0.9515382234872891,0.3413312245114196,-0.23232233297871388,0.6707553610445666,14643.0,0.07501213705778853,0.06717595638819074,9799.445110136126,10740.818103020978
M35_Hit10YearCat_CSCoreRefShare_Moderation,integration_base,Hit_Rate_10_year_cat,cs_core_reference_share,Hit_Rate_10_year_cat ~ HSS_Continuous * cs_core_reference_share + log_team_size + log_prior_knowledge + C(year) + C(arxiv_primary_category),C(arxiv_primary_category)[T.physics.ins-det],0.09660691513430687,0.22681918661625575,0.4259203843180664,0.6701658608406909,-0.34795052163622386,0.5411643519048376,14643.0,0.07501213705778853,0.06717595638819074,9799.445110136126,10740.818103020978
M35_Hit10YearCat_CSCoreRefShare_Moderation,integration_base,Hit_Rate_10_year_cat,cs_core_reference_share,Hit_Rate_10_year_cat ~ HSS_Continuous * cs_core_reference_share + log_team_size + log_prior_knowledge + C(year) + C(arxiv_primary_category),C(arxiv_primary_category)[T.physics.med-ph],-0.11451838813122969,0.18161670786482215,-0.6305498512640482,0.5283348975900877,-0.4704805945370135,0.2414438182745541,14643.0,0.07501213705778853,0.06717595638819074,9799.445110136126,10740.818103020978
M35_Hit10YearCat_CSCoreRefShare_Moderation,integration_base,Hit_Rate_10_year_cat,cs_core_reference_share,Hit_Rate_10_year_cat ~ HSS_Continuous * cs_core_reference_share + log_team_size + log_prior_knowledge + C(year) + C(arxiv_primary_category),C(arxiv_primary_category)[T.physics.optics],0.10061252641645524,0.20881594158527095,0.48182397211933964,0.6299309984962056,-0.3086591984884956,0.5098842513214061,14643.0,0.07501213705778853,0.06717595638819074,9799.445110136126,10740.818103020978
M35_Hit10YearCat_CSCoreRefShare_Moderation,integration_base,Hit_Rate_10_year_cat,cs_core_reference_share,Hit_Rate_10_year_cat ~ HSS_Continuous * cs_core_reference_share + log_team_size + log_prior_knowledge + C(year) + C(arxiv_primary_category),C(arxiv_primary_category)[T.physics.soc-ph],0.13278551376592357,0.2265876949130615,0.5860226161745963,0.557860316758463,-0.31131820760362655,0.5768892351354737,14643.0,0.07501213705778853,0.06717595638819074,9799.445110136126,10740.818103020978
M35_Hit10YearCat_CSCoreRefShare_Moderation,integration_base,Hit_Rate_10_year_cat,cs_core_reference_share,Hit_Rate_10_year_cat ~ HSS_Continuous * cs_core_reference_share + log_team_size + log_prior_knowledge + C(year) + C(arxiv_primary_category),C(arxiv_primary_category)[T.physics.space-ph],0.005230493614275966,0.1737110362070998,0.03011031266913938,0.9759790761405993,-0.3352368810687729,0.34569786829732485,14643.0,0.07501213705778853,0.06717595638819074,9799.445110136126,10740.818103020978
M35_Hit10YearCat_CSCoreRefShare_Moderation,integration_base,Hit_Rate_10_year_cat,cs_core_reference_share,Hit_Rate_10_year_cat ~ HSS_Continuous * cs_core_reference_share + log_team_size + log_prior_knowledge + C(year) + C(arxiv_primary_category),C(arxiv_primary_category)[T.q-bio.BM],-0.06726994857954455,0.1861968287334032,-0.36128407254380107,0.7178870990562882,-0.4322090269325875,0.2976691297734984,14643.0,0.07501213705778853,0.06717595638819074,9799.445110136126,10740.818103020978
M35_Hit10YearCat_CSCoreRefShare_Moderation,integration_base,Hit_Rate_10_year_cat,cs_core_reference_share,Hit_Rate_10_year_cat ~ HSS_Continuous * cs_core_reference_share + log_team_size + log_prior_knowledge + C(year) + C(arxiv_primary_category),C(arxiv_primary_category)[T.q-bio.GN],0.1262088884665899,0.2383285703550928,0.529558366747837,0.5964181666044259,-0.34090652591631243,0.5933243028494922,14643.0,0.07501213705778853,0.06717595638819074,9799.445110136126,10740.818103020978
M35_Hit10YearCat_CSCoreRefShare_Moderation,integration_base,Hit_Rate_10_year_cat,cs_core_reference_share,Hit_Rate_10_year_cat ~ HSS_Continuous * cs_core_reference_share + log_team_size + log_prior_knowledge + C(year) + C(arxiv_primary_category),C(arxiv_primary_category)[T.q-bio.MN],0.7328050351897624,0.1630499183804347,4.494360024639521,6.977948510477254e-06,0.41323306748191496,1.0523770028976098,14643.0,0.07501213705778853,0.06717595638819074,9799.445110136126,10740.818103020978
M35_Hit10YearCat_CSCoreRefShare_Moderation,integration_base,Hit_Rate_10_year_cat,cs_core_reference_share,Hit_Rate_10_year_cat ~ HSS_Continuous * cs_core_reference_share + log_team_size + log_prior_knowledge + C(year) + C(arxiv_primary_category),C(arxiv_primary_category)[T.q-bio.NC],-0.1325046972881247,0.1676538342369317,-0.790346954432706,0.4293251720864657,-0.46110017426255906,0.19609077968630967,14643.0,0.07501213705778853,0.06717595638819074,9799.445110136126,10740.818103020978
M35_Hit10YearCat_CSCoreRefShare_Moderation,integration_base,Hit_Rate_10_year_cat,cs_core_reference_share,Hit_Rate_10_year_cat ~ HSS_Continuous * cs_core_reference_share + log_team_size + log_prior_knowledge + C(year) + C(arxiv_primary_category),C(arxiv_primary_category)[T.q-bio.OT],0.7142372434048065,0.16920914872921516,4.221032070481,2.431863318300588e-05,0.3825934060408634,1.0458810807687497,14643.0,0.07501213705778853,0.06717595638819074,9799.445110136126,10740.818103020978
M35_Hit10YearCat_CSCoreRefShare_Moderation,integration_base,Hit_Rate_10_year_cat,cs_core_reference_share,Hit_Rate_10_year_cat ~ HSS_Continuous * cs_core_reference_share + log_team_size + log_prior_knowledge + C(year) + C(arxiv_primary_category),C(arxiv_primary_category)[T.q-bio.PE],0.33216207561964634,0.28833769269218745,1.151989781558817,0.24932527237136182,-0.232969417442419,0.8972935686817116,14643.0,0.07501213705778853,0.06717595638819074,9799.445110136126,10740.818103020978
M35_Hit10YearCat_CSCoreRefShare_Moderation,integration_base,Hit_Rate_10_year_cat,cs_core_reference_share,Hit_Rate_10_year_cat ~ HSS_Continuous * cs_core_reference_share + log_team_size + log_prior_knowledge + C(year) + C(arxiv_primary_category),C(arxiv_primary_category)[T.q-bio.QM],-0.16560729158376353,0.1771464525907481,-0.9348608970813382,0.34985999114621913,-0.512807958650662,0.18159337548313492,14643.0,0.07501213705778853,0.06717595638819074,9799.445110136126,10740.818103020978
M35_Hit10YearCat_CSCoreRefShare_Moderation,integration_base,Hit_Rate_10_year_cat,cs_core_reference_share,Hit_Rate_10_year_cat ~ HSS_Continuous * cs_core_reference_share + log_team_size + log_prior_knowledge + C(year) + C(arxiv_primary_category),C(arxiv_primary_category)[T.q-bio.TO],0.7388695949463585,0.1606721916998719,4.598615274549389,4.2530836238305865e-06,0.42395788589749417,1.0537813039952229,14643.0,0.07501213705778853,0.06717595638819074,9799.445110136126,10740.818103020978
M35_Hit10YearCat_CSCoreRefShare_Moderation,integration_base,Hit_Rate_10_year_cat,cs_core_reference_share,Hit_Rate_10_year_cat ~ HSS_Continuous * cs_core_reference_share + log_team_size + log_prior_knowledge + C(year) + C(arxiv_primary_category),C(arxiv_primary_category)[T.q-fin.CP],-0.08666139367794626,0.213684316423123,-0.4055580452911917,0.6850673608333513,-0.5054749579283281,0.3321521705724356,14643.0,0.07501213705778853,0.06717595638819074,9799.445110136126,10740.818103020978
M35_Hit10YearCat_CSCoreRefShare_Moderation,integration_base,Hit_Rate_10_year_cat,cs_core_reference_share,Hit_Rate_10_year_cat ~ HSS_Continuous * cs_core_reference_share + log_team_size + log_prior_knowledge + C(year) + C(arxiv_primary_category),C(arxiv_primary_category)[T.q-fin.GN],0.7442129358676144,0.16262271966159875,4.576315888802287,4.73235806355366e-06,0.4254782622629271,1.0629476094723016,14643.0,0.07501213705778853,0.06717595638819074,9799.445110136126,10740.818103020978
M35_Hit10YearCat_CSCoreRefShare_Moderation,integration_base,Hit_Rate_10_year_cat,cs_core_reference_share,Hit_Rate_10_year_cat ~ HSS_Continuous * cs_core_reference_share + log_team_size + log_prior_knowledge + C(year) + C(arxiv_primary_category),C(arxiv_primary_category)[T.q-fin.MF],-0.2979361054831459,0.1651432877638796,-1.8041066610538377,0.07121458770575262,-0.6216110017888841,0.025738790822592283,14643.0,0.07501213705778853,0.06717595638819074,9799.445110136126,10740.818103020978
M35_Hit10YearCat_CSCoreRefShare_Moderation,integration_base,Hit_Rate_10_year_cat,cs_core_reference_share,Hit_Rate_10_year_cat ~ HSS_Continuous * cs_core_reference_share + log_team_size + log_prior_knowledge + C(year) + C(arxiv_primary_category),C(arxiv_primary_category)[T.q-fin.PM],0.6792362000021926,0.1698717217841347,3.998524256234568,6.373864989456574e-05,0.3462937433134805,1.0121786566909048,14643.0,0.07501213705778853,0.06717595638819074,9799.445110136126,10740.818103020978
M35_Hit10YearCat_CSCoreRefShare_Moderation,integration_base,Hit_Rate_10_year_cat,cs_core_reference_share,Hit_Rate_10_year_cat ~ HSS_Continuous * cs_core_reference_share + log_team_size + log_prior_knowledge + C(year) + C(arxiv_primary_category),C(arxiv_primary_category)[T.q-fin.ST],0.18085792046766885,0.22337539029923087,0.809659113411705,0.41813612319624305,-0.2569497995514014,0.6186656404867391,14643.0,0.07501213705778853,0.06717595638819074,9799.445110136126,10740.818103020978
M35_Hit10YearCat_CSCoreRefShare_Moderation,integration_base,Hit_Rate_10_year_cat,cs_core_reference_share,Hit_Rate_10_year_cat ~ HSS_Continuous * cs_core_reference_share + log_team_size + log_prior_knowledge + C(year) + C(arxiv_primary_category),C(arxiv_primary_category)[T.q-fin.TR],0.7364244088588278,0.17261659982772226,4.2662432789998554,1.987920037965367e-05,0.39810209006272923,1.0747467276549263,14643.0,0.07501213705778853,0.06717595638819074,9799.445110136126,10740.818103020978
M35_Hit10YearCat_CSCoreRefShare_Moderation,integration_base,Hit_Rate_10_year_cat,cs_core_reference_share,Hit_Rate_10_year_cat ~ HSS_Continuous * cs_core_reference_share + log_team_size + log_prior_knowledge + C(year) + C(arxiv_primary_category),C(arxiv_primary_category)[T.quant-ph],-0.12178045032691678,0.16714057062583432,-0.728610952271654,0.4662396770698837,-0.4493699491090253,0.20580904845519174,14643.0,0.07501213705778853,0.06717595638819074,9799.445110136126,10740.818103020978
M35_Hit10YearCat_CSCoreRefShare_Moderation,integration_base,Hit_Rate_10_year_cat,cs_core_reference_share,Hit_Rate_10_year_cat ~ HSS_Continuous * cs_core_reference_share + log_team_size + log_prior_knowledge + C(year) + C(arxiv_primary_category),C(arxiv_primary_category)[T.stat.AP],0.3665516534174415,0.21961761277382533,1.6690448857348121,0.0951084846215075,-0.06389095798991984,0.7969942648248028,14643.0,0.07501213705778853,0.06717595638819074,9799.445110136126,10740.818103020978
M35_Hit10YearCat_CSCoreRefShare_Moderation,integration_base,Hit_Rate_10_year_cat,cs_core_reference_share,Hit_Rate_10_year_cat ~ HSS_Continuous * cs_core_reference_share + log_team_size + log_prior_knowledge + C(year) + C(arxiv_primary_category),C(arxiv_primary_category)[T.stat.CO],-0.27462784150987646,0.1618172461104418,-1.697148160106744,0.08966865304330116,-0.5917838159637965,0.04252813294404362,14643.0,0.07501213705778853,0.06717595638819074,9799.445110136126,10740.818103020978
M35_Hit10YearCat_CSCoreRefShare_Moderation,integration_base,Hit_Rate_10_year_cat,cs_core_reference_share,Hit_Rate_10_year_cat ~ HSS_Continuous * cs_core_reference_share + log_team_size + log_prior_knowledge + C(year) + C(arxiv_primary_category),C(arxiv_primary_category)[T.stat.ME],0.21249143919050573,0.23057472164079074,0.9215730053945085,0.356751344549485,-0.23942671097079232,0.6644095893518038,14643.0,0.07501213705778853,0.06717595638819074,9799.445110136126,10740.818103020978
M35_Hit10YearCat_CSCoreRefShare_Moderation,integration_base,Hit_Rate_10_year_cat,cs_core_reference_share,Hit_Rate_10_year_cat ~ HSS_Continuous * cs_core_reference_share + log_team_size + log_prior_knowledge + C(year) + C(arxiv_primary_category),C(arxiv_primary_category)[T.stat.ML],-0.22500915343253716,0.16166422263768457,-1.3918302377689264,0.1639738110866792,-0.5418652073910638,0.09184690052598951,14643.0,0.07501213705778853,0.06717595638819074,9799.445110136126,10740.818103020978
M35_Hit10YearCat_CSCoreRefShare_Moderation,integration_base,Hit_Rate_10_year_cat,cs_core_reference_share,Hit_Rate_10_year_cat ~ HSS_Continuous * cs_core_reference_share + log_team_size + log_prior_knowledge + C(year) + C(arxiv_primary_category),HSS_Continuous,0.009443613815326515,0.008288880140721783,1.1393111801595166,0.25457338688327846,-0.006802292732657474,0.025689520363310504,14643.0,0.07501213705778853,0.06717595638819074,9799.445110136126,10740.818103020978
M35_Hit10YearCat_CSCoreRefShare_Moderation,integration_base,Hit_Rate_10_year_cat,cs_core_reference_share,Hit_Rate_10_year_cat ~ HSS_Continuous * cs_core_reference_share + log_team_size + log_prior_knowledge + C(year) + C(arxiv_primary_category),cs_core_reference_share,0.056677515630442876,0.014051684917526416,4.033503167990197,5.4951439534187336e-05,0.02913671926998642,0.08421831199089932,14643.0,0.07501213705778853,0.06717595638819074,9799.445110136126,10740.818103020978
M35_Hit10YearCat_CSCoreRefShare_Moderation,integration_base,Hit_Rate_10_year_cat,cs_core_reference_share,Hit_Rate_10_year_cat ~ HSS_Continuous * cs_core_reference_share + log_team_size + log_prior_knowledge + C(year) + C(arxiv_primary_category),HSS_Continuous:cs_core_reference_share,-0.013744702750646563,0.011660834640049135,-1.1787065999066981,0.2385150266773054,-0.036599518674819954,0.009110113173526828,14643.0,0.07501213705778853,0.06717595638819074,9799.445110136126,10740.818103020978
M35_Hit10YearCat_CSCoreRefShare_Moderation,integration_base,Hit_Rate_10_year_cat,cs_core_reference_share,Hit_Rate_10_year_cat ~ HSS_Continuous * cs_core_reference_share + log_team_size + log_prior_knowledge + C(year) + C(arxiv_primary_category),log_team_size,0.05514919755434639,0.009925743736675423,5.556177856030195,2.757459089992544e-08,0.035695097310688546,0.07460329779800423,14643.0,0.07501213705778853,0.06717595638819074,9799.445110136126,10740.818103020978
M35_Hit10YearCat_CSCoreRefShare_Moderation,integration_base,Hit_Rate_10_year_cat,cs_core_reference_share,Hit_Rate_10_year_cat ~ HSS_Continuous * cs_core_reference_share + log_team_size + log_prior_knowledge + C(year) + C(arxiv_primary_category),log_prior_knowledge,0.02389742038423765,0.0030630927999724398,7.80172914919609,6.106460014375535e-15,0.017893868814987716,0.029900971953487586,14643.0,0.07501213705778853,0.06717595638819074,9799.445110136126,10740.818103020978
