model_name,model_type,sample_name,formula,term,coef,std_err,stat,p_value,ci_low,ci_high,nobs,aic,bic,rsquared,rsquared_adj
SLOPE_Base_StageInteraction,ols,main,Log_RCR ~ HSS_Continuous * C(stage) + has_hss_concepts + log_team_size + log_prior_knowledge + HSS_Diversity + C(arxiv_primary_category),Intercept,0.011019544385847924,0.04379903872479547,0.2515932930648898,0.8013554432621618,-0.07482499407222633,0.09686408284392219,138824.0,230889.36843356155,232306.4669936405,0.04862721577425366,0.04764620691829535
SLOPE_Base_StageInteraction,ols,main,Log_RCR ~ HSS_Continuous * C(stage) + has_hss_concepts + log_team_size + log_prior_knowledge + HSS_Diversity + C(arxiv_primary_category),C(stage)[T.Phase2],-0.05492380751256687,0.030773234346501137,-1.784791513759476,0.07429514036233369,-0.11523823851952009,0.0053906234943863485,138824.0,230889.36843356155,232306.4669936405,0.04862721577425366,0.04764620691829535
SLOPE_Base_StageInteraction,ols,main,Log_RCR ~ HSS_Continuous * C(stage) + has_hss_concepts + log_team_size + log_prior_knowledge + HSS_Diversity + C(arxiv_primary_category),C(stage)[T.Phase3],-0.12579390551140712,0.030565476590122157,-4.115555180057618,3.862485752081631e-05,-0.18570113879834868,-0.06588667222446556,138824.0,230889.36843356155,232306.4669936405,0.04862721577425366,0.04764620691829535
SLOPE_Base_StageInteraction,ols,main,Log_RCR ~ HSS_Continuous * C(stage) + has_hss_concepts + log_team_size + log_prior_knowledge + HSS_Diversity + C(arxiv_primary_category),C(arxiv_primary_category)[T.astro-ph.EP],-0.09697453216676045,0.05019734436872832,-1.9318657866525137,0.05337607361072909,-0.19535951924902245,0.0014104549155015411,138824.0,230889.36843356155,232306.4669936405,0.04862721577425366,0.04764620691829535
SLOPE_Base_StageInteraction,ols,main,Log_RCR ~ HSS_Continuous * C(stage) + has_hss_concepts + log_team_size + log_prior_knowledge + HSS_Diversity + C(arxiv_primary_category),C(arxiv_primary_category)[T.astro-ph.GA],0.021576025048002982,0.09042784070772712,0.2385993614260801,0.8114162603370458,-0.15565928593886716,0.19881133603487314,138824.0,230889.36843356155,232306.4669936405,0.04862721577425366,0.04764620691829535
SLOPE_Base_StageInteraction,ols,main,Log_RCR ~ HSS_Continuous * C(stage) + has_hss_concepts + log_team_size + log_prior_knowledge + HSS_Diversity + C(arxiv_primary_category),C(arxiv_primary_category)[T.astro-ph.HE],-0.03563856462829404,0.06799256096759122,-0.524153879794015,0.6001715159747332,-0.1689015353414167,0.09762440608482861,138824.0,230889.36843356155,232306.4669936405,0.04862721577425366,0.04764620691829535
SLOPE_Base_StageInteraction,ols,main,Log_RCR ~ HSS_Continuous * C(stage) + has_hss_concepts + log_team_size + log_prior_knowledge + HSS_Diversity + C(arxiv_primary_category),C(arxiv_primary_category)[T.astro-ph.IM],-0.05545664509156722,0.04428359840394333,-1.2523066573250505,0.2104581439801092,-0.14225090306913157,0.03133761288599713,138824.0,230889.36843356155,232306.4669936405,0.04862721577425366,0.04764620691829535
SLOPE_Base_StageInteraction,ols,main,Log_RCR ~ HSS_Continuous * C(stage) + has_hss_concepts + log_team_size + log_prior_knowledge + HSS_Diversity + C(arxiv_primary_category),C(arxiv_primary_category)[T.astro-ph.SR],-0.09115864122919037,0.09838899260865075,-0.9265125987393771,0.3541796527817819,-0.2839975232173234,0.10168024075894266,138824.0,230889.36843356155,232306.4669936405,0.04862721577425366,0.04764620691829535
SLOPE_Base_StageInteraction,ols,main,Log_RCR ~ HSS_Continuous * C(stage) + has_hss_concepts + log_team_size + log_prior_knowledge + HSS_Diversity + C(arxiv_primary_category),C(arxiv_primary_category)[T.cond-mat.dis-nn],0.02714267569169932,0.08553121923182258,0.3173423217332166,0.7509838675070817,-0.14049543355647257,0.1947807849398712,138824.0,230889.36843356155,232306.4669936405,0.04862721577425366,0.04764620691829535
SLOPE_Base_StageInteraction,ols,main,Log_RCR ~ HSS_Continuous * C(stage) + has_hss_concepts + log_team_size + log_prior_knowledge + HSS_Diversity + C(arxiv_primary_category),C(arxiv_primary_category)[T.cond-mat.mes-hall],-0.13704273157771504,0.03645716743720816,-3.7590065606097895,0.00017058936509916871,-0.20849746673298947,-0.06558799642244063,138824.0,230889.36843356155,232306.4669936405,0.04862721577425366,0.04764620691829535
SLOPE_Base_StageInteraction,ols,main,Log_RCR ~ HSS_Continuous * C(stage) + has_hss_concepts + log_team_size + log_prior_knowledge + HSS_Diversity + C(arxiv_primary_category),C(arxiv_primary_category)[T.cond-mat.mtrl-sci],0.3037236360990561,0.06797003031955527,4.468493462061521,7.877241982183005e-06,0.1705048246446323,0.43694244755347994,138824.0,230889.36843356155,232306.4669936405,0.04862721577425366,0.04764620691829535
SLOPE_Base_StageInteraction,ols,main,Log_RCR ~ HSS_Continuous * C(stage) + has_hss_concepts + log_team_size + log_prior_knowledge + HSS_Diversity + C(arxiv_primary_category),C(arxiv_primary_category)[T.cond-mat.other],-0.11203624175186958,0.05022024464885488,-2.2308979682444505,0.025687888359875455,-0.21046611255841552,-0.013606370945323645,138824.0,230889.36843356155,232306.4669936405,0.04862721577425366,0.04764620691829535
SLOPE_Base_StageInteraction,ols,main,Log_RCR ~ HSS_Continuous * C(stage) + has_hss_concepts + log_team_size + log_prior_knowledge + HSS_Diversity + C(arxiv_primary_category),C(arxiv_primary_category)[T.cond-mat.quant-gas],-0.13295335756401247,0.03506527615439117,-3.791595907547499,0.0001496823228457504,-0.20168003593457035,-0.06422667919345461,138824.0,230889.36843356155,232306.4669936405,0.04862721577425366,0.04764620691829535
SLOPE_Base_StageInteraction,ols,main,Log_RCR ~ HSS_Continuous * C(stage) + has_hss_concepts + log_team_size + log_prior_knowledge + HSS_Diversity + C(arxiv_primary_category),C(arxiv_primary_category)[T.cond-mat.soft],-0.07947269794891865,0.06657275124076487,-1.1937721735654314,0.2325670993691079,-0.20995289273256199,0.05100749683472469,138824.0,230889.36843356155,232306.4669936405,0.04862721577425366,0.04764620691829535
SLOPE_Base_StageInteraction,ols,main,Log_RCR ~ HSS_Continuous * C(stage) + has_hss_concepts + log_team_size + log_prior_knowledge + HSS_Diversity + C(arxiv_primary_category),C(arxiv_primary_category)[T.cond-mat.stat-mech],0.023924469018659234,0.07897937766666338,0.30292045500325054,0.7619504824575979,-0.13087226672938806,0.17872120476670655,138824.0,230889.36843356155,232306.4669936405,0.04862721577425366,0.04764620691829535
SLOPE_Base_StageInteraction,ols,main,Log_RCR ~ HSS_Continuous * C(stage) + has_hss_concepts + log_team_size + log_prior_knowledge + HSS_Diversity + C(arxiv_primary_category),C(arxiv_primary_category)[T.cond-mat.str-el],-0.00452700703620295,0.05627551498062523,-0.08044363588252416,0.9358844229178402,-0.11482498960967269,0.10577097553726678,138824.0,230889.36843356155,232306.4669936405,0.04862721577425366,0.04764620691829535
SLOPE_Base_StageInteraction,ols,main,Log_RCR ~ HSS_Continuous * C(stage) + has_hss_concepts + log_team_size + log_prior_knowledge + HSS_Diversity + C(arxiv_primary_category),C(arxiv_primary_category)[T.cond-mat.supr-con],-0.09491998544075833,0.0644430404034325,-1.4729284162654515,0.14077033886037701,-0.2212260236857456,0.03138605280422893,138824.0,230889.36843356155,232306.4669936405,0.04862721577425366,0.04764620691829535
SLOPE_Base_StageInteraction,ols,main,Log_RCR ~ HSS_Continuous * C(stage) + has_hss_concepts + log_team_size + log_prior_knowledge + HSS_Diversity + C(arxiv_primary_category),C(arxiv_primary_category)[T.cs.AI],3.505401726984795e-05,0.03153639274365141,0.001111541752881825,0.9991131181793153,-0.06177513996259722,0.06184524799713691,138824.0,230889.36843356155,232306.4669936405,0.04862721577425366,0.04764620691829535
SLOPE_Base_StageInteraction,ols,main,Log_RCR ~ HSS_Continuous * C(stage) + has_hss_concepts + log_team_size + log_prior_knowledge + HSS_Diversity + C(arxiv_primary_category),C(arxiv_primary_category)[T.cs.AR],-0.05031252935802647,0.03627684251031764,-1.3869048648243543,0.16547077423481749,-0.12141383415108065,0.02078877543502771,138824.0,230889.36843356155,232306.4669936405,0.04862721577425366,0.04764620691829535
SLOPE_Base_StageInteraction,ols,main,Log_RCR ~ HSS_Continuous * C(stage) + has_hss_concepts + log_team_size + log_prior_knowledge + HSS_Diversity + C(arxiv_primary_category),C(arxiv_primary_category)[T.cs.CC],-0.11321526999151058,0.05021029576639512,-2.2548218102169315,0.02414451571339462,-0.21162564134674897,-0.014804898636272185,138824.0,230889.36843356155,232306.4669936405,0.04862721577425366,0.04764620691829535
SLOPE_Base_StageInteraction,ols,main,Log_RCR ~ HSS_Continuous * C(stage) + has_hss_concepts + log_team_size + log_prior_knowledge + HSS_Diversity + C(arxiv_primary_category),C(arxiv_primary_category)[T.cs.CE],0.030523510596216646,0.048007664115800354,0.6358049523632353,0.5249035591880962,-0.06356978205264799,0.12461680324508129,138824.0,230889.36843356155,232306.4669936405,0.04862721577425366,0.04764620691829535
SLOPE_Base_StageInteraction,ols,main,Log_RCR ~ HSS_Continuous * C(stage) + has_hss_concepts + log_team_size + log_prior_knowledge + HSS_Diversity + C(arxiv_primary_category),C(arxiv_primary_category)[T.cs.CG],-0.08155643294271007,0.05714764822049245,-1.4271179214241914,0.15354590761432693,-0.1935637652560398,0.030450899370619636,138824.0,230889.36843356155,232306.4669936405,0.04862721577425366,0.04764620691829535
SLOPE_Base_StageInteraction,ols,main,Log_RCR ~ HSS_Continuous * C(stage) + has_hss_concepts + log_team_size + log_prior_knowledge + HSS_Diversity + C(arxiv_primary_category),C(arxiv_primary_category)[T.cs.CL],-0.02948742432060118,0.0309793835879475,-0.9518402532732522,0.341178004007599,-0.09020590041622951,0.03123105177502716,138824.0,230889.36843356155,232306.4669936405,0.04862721577425366,0.04764620691829535
SLOPE_Base_StageInteraction,ols,main,Log_RCR ~ HSS_Continuous * C(stage) + has_hss_concepts + log_team_size + log_prior_knowledge + HSS_Diversity + C(arxiv_primary_category),C(arxiv_primary_category)[T.cs.CR],0.028569556007127364,0.03236165501708591,0.882821227531273,0.377332869406081,-0.034858122306470965,0.0919972343207257,138824.0,230889.36843356155,232306.4669936405,0.04862721577425366,0.04764620691829535
SLOPE_Base_StageInteraction,ols,main,Log_RCR ~ HSS_Continuous * C(stage) + has_hss_concepts + log_team_size + log_prior_knowledge + HSS_Diversity + C(arxiv_primary_category),C(arxiv_primary_category)[T.cs.CV],-0.04947083535596974,0.030921669876813922,-1.5998759301503502,0.10962610999369475,-0.11007619465636212,0.011134523944422638,138824.0,230889.36843356155,232306.4669936405,0.04862721577425366,0.04764620691829535
SLOPE_Base_StageInteraction,ols,main,Log_RCR ~ HSS_Continuous * C(stage) + has_hss_concepts + log_team_size + log_prior_knowledge + HSS_Diversity + C(arxiv_primary_category),C(arxiv_primary_category)[T.cs.CY],0.20957706991335306,0.037538823266988465,5.582941916499938,2.3648374163791705e-08,0.13600232828804146,0.28315181153866464,138824.0,230889.36843356155,232306.4669936405,0.04862721577425366,0.04764620691829535
SLOPE_Base_StageInteraction,ols,main,Log_RCR ~ HSS_Continuous * C(stage) + has_hss_concepts + log_team_size + log_prior_knowledge + HSS_Diversity + C(arxiv_primary_category),C(arxiv_primary_category)[T.cs.DB],0.006943919546086275,0.03957141279349835,0.1754781812396441,0.8607039136197387,-0.07061462434653802,0.08450246343871058,138824.0,230889.36843356155,232306.4669936405,0.04862721577425366,0.04764620691829535
SLOPE_Base_StageInteraction,ols,main,Log_RCR ~ HSS_Continuous * C(stage) + has_hss_concepts + log_team_size + log_prior_knowledge + HSS_Diversity + C(arxiv_primary_category),C(arxiv_primary_category)[T.cs.DC],-0.039148816731043715,0.03507408916920852,-1.1161748646465892,0.26434729140343516,-0.1078927682932388,0.029595134831151365,138824.0,230889.36843356155,232306.4669936405,0.04862721577425366,0.04764620691829535
SLOPE_Base_StageInteraction,ols,main,Log_RCR ~ HSS_Continuous * C(stage) + has_hss_concepts + log_team_size + log_prior_knowledge + HSS_Diversity + C(arxiv_primary_category),C(arxiv_primary_category)[T.cs.DL],0.10054909318462729,0.060000328933283914,1.6758090325876498,0.09377560431039221,-0.017049390585165733,0.21814757695442033,138824.0,230889.36843356155,232306.4669936405,0.04862721577425366,0.04764620691829535
SLOPE_Base_StageInteraction,ols,main,Log_RCR ~ HSS_Continuous * C(stage) + has_hss_concepts + log_team_size + log_prior_knowledge + HSS_Diversity + C(arxiv_primary_category),C(arxiv_primary_category)[T.cs.DM],-0.09351876627752584,0.0562502937764223,-1.66254716196211,0.09640311534631751,-0.2037673161991111,0.016729783644059415,138824.0,230889.36843356155,232306.4669936405,0.04862721577425366,0.04764620691829535
SLOPE_Base_StageInteraction,ols,main,Log_RCR ~ HSS_Continuous * C(stage) + has_hss_concepts + log_team_size + log_prior_knowledge + HSS_Diversity + C(arxiv_primary_category),C(arxiv_primary_category)[T.cs.DS],-0.0716855622299998,0.040669956963325586,-1.762617115494928,0.07796508841331831,-0.15139721313091192,0.008026088670912326,138824.0,230889.36843356155,232306.4669936405,0.04862721577425366,0.04764620691829535
SLOPE_Base_StageInteraction,ols,main,Log_RCR ~ HSS_Continuous * C(stage) + has_hss_concepts + log_team_size + log_prior_knowledge + HSS_Diversity + C(arxiv_primary_category),C(arxiv_primary_category)[T.cs.ET],0.03745322329035664,0.07330280596611477,0.5109384667712435,0.6093941446294289,-0.10621763636895612,0.1811240829496694,138824.0,230889.36843356155,232306.4669936405,0.04862721577425366,0.04764620691829535
SLOPE_Base_StageInteraction,ols,main,Log_RCR ~ HSS_Continuous * C(stage) + has_hss_concepts + log_team_size + log_prior_knowledge + HSS_Diversity + C(arxiv_primary_category),C(arxiv_primary_category)[T.cs.FL],0.00893334237565019,0.10660498981933515,0.08379853880000965,0.9332166098037962,-0.20000859824250583,0.2178752829938062,138824.0,230889.36843356155,232306.4669936405,0.04862721577425366,0.04764620691829535
SLOPE_Base_StageInteraction,ols,main,Log_RCR ~ HSS_Continuous * C(stage) + has_hss_concepts + log_team_size + log_prior_knowledge + HSS_Diversity + C(arxiv_primary_category),C(arxiv_primary_category)[T.cs.GL],0.7935706912974414,0.6712943870849946,1.182150047080559,0.23714616926899845,-0.522142130413038,2.109283513007921,138824.0,230889.36843356155,232306.4669936405,0.04862721577425366,0.04764620691829535
SLOPE_Base_StageInteraction,ols,main,Log_RCR ~ HSS_Continuous * C(stage) + has_hss_concepts + log_team_size + log_prior_knowledge + HSS_Diversity + C(arxiv_primary_category),C(arxiv_primary_category)[T.cs.GR],-0.13115758958658374,0.03558017323458097,-3.6862549465922627,0.00022757837162340055,-0.20089344769005846,-0.06142173148310903,138824.0,230889.36843356155,232306.4669936405,0.04862721577425366,0.04764620691829535
SLOPE_Base_StageInteraction,ols,main,Log_RCR ~ HSS_Continuous * C(stage) + has_hss_concepts + log_team_size + log_prior_knowledge + HSS_Diversity + C(arxiv_primary_category),C(arxiv_primary_category)[T.cs.GT],-0.18433112898509715,0.040312227125587206,-4.5725860893479995,4.8174118889364014e-06,-0.26334164228784673,-0.1053206156823476,138824.0,230889.36843356155,232306.4669936405,0.04862721577425366,0.04764620691829535
SLOPE_Base_StageInteraction,ols,main,Log_RCR ~ HSS_Continuous * C(stage) + has_hss_concepts + log_team_size + log_prior_knowledge + HSS_Diversity + C(arxiv_primary_category),C(arxiv_primary_category)[T.cs.HC],0.06182539455721125,0.03379542602219993,1.8294012484588495,0.06733952073274369,-0.004412423288488364,0.12806321240291085,138824.0,230889.36843356155,232306.4669936405,0.04862721577425366,0.04764620691829535
SLOPE_Base_StageInteraction,ols,main,Log_RCR ~ HSS_Continuous * C(stage) + has_hss_concepts + log_team_size + log_prior_knowledge + HSS_Diversity + C(arxiv_primary_category),C(arxiv_primary_category)[T.cs.IR],-0.03927334083548336,0.03230391705705258,-1.2157454703131494,0.22408189697712166,-0.10258785482687555,0.024041173155908833,138824.0,230889.36843356155,232306.4669936405,0.04862721577425366,0.04764620691829535
SLOPE_Base_StageInteraction,ols,main,Log_RCR ~ HSS_Continuous * C(stage) + has_hss_concepts + log_team_size + log_prior_knowledge + HSS_Diversity + C(arxiv_primary_category),C(arxiv_primary_category)[T.cs.IT],-0.1803679251985943,0.0315012894684873,-5.725731493595764,1.0298900214600962e-08,-0.2421093180234003,-0.11862653237378828,138824.0,230889.36843356155,232306.4669936405,0.04862721577425366,0.04764620691829535
SLOPE_Base_StageInteraction,ols,main,Log_RCR ~ HSS_Continuous * C(stage) + has_hss_concepts + log_team_size + log_prior_knowledge + HSS_Diversity + C(arxiv_primary_category),C(arxiv_primary_category)[T.cs.LG],0.016201957619559726,0.03102244436709241,0.5222656676514579,0.6014853698802436,-0.04460091605233887,0.07700483129145833,138824.0,230889.36843356155,232306.4669936405,0.04862721577425366,0.04764620691829535
SLOPE_Base_StageInteraction,ols,main,Log_RCR ~ HSS_Continuous * C(stage) + has_hss_concepts + log_team_size + log_prior_knowledge + HSS_Diversity + C(arxiv_primary_category),C(arxiv_primary_category)[T.cs.LO],-0.03878477715922257,0.04278692289400123,-0.9064633429075181,0.36469065883464924,-0.12264560504075729,0.04507605072231215,138824.0,230889.36843356155,232306.4669936405,0.04862721577425366,0.04764620691829535
SLOPE_Base_StageInteraction,ols,main,Log_RCR ~ HSS_Continuous * C(stage) + has_hss_concepts + log_team_size + log_prior_knowledge + HSS_Diversity + C(arxiv_primary_category),C(arxiv_primary_category)[T.cs.MA],0.002700549106949343,0.044196127170543456,0.06110375003059654,0.9512765826411832,-0.08392226840346795,0.08932336661736665,138824.0,230889.36843356155,232306.4669936405,0.04862721577425366,0.04764620691829535
SLOPE_Base_StageInteraction,ols,main,Log_RCR ~ HSS_Continuous * C(stage) + has_hss_concepts + log_team_size + log_prior_knowledge + HSS_Diversity + C(arxiv_primary_category),C(arxiv_primary_category)[T.cs.MM],-0.12783879347306001,0.037677326173738604,-3.392990067383409,0.0006913414500582259,-0.201684995807356,-0.053992591138764034,138824.0,230889.36843356155,232306.4669936405,0.04862721577425366,0.04764620691829535
SLOPE_Base_StageInteraction,ols,main,Log_RCR ~ HSS_Continuous * C(stage) + has_hss_concepts + log_team_size + log_prior_knowledge + HSS_Diversity + C(arxiv_primary_category),C(arxiv_primary_category)[T.cs.MS],0.03173467871094575,0.11772100163813147,0.26957533719001625,0.7874869761778641,-0.19899424472377264,0.2624636021456641,138824.0,230889.36843356155,232306.4669936405,0.04862721577425366,0.04764620691829535
SLOPE_Base_StageInteraction,ols,main,Log_RCR ~ HSS_Continuous * C(stage) + has_hss_concepts + log_team_size + log_prior_knowledge + HSS_Diversity + C(arxiv_primary_category),C(arxiv_primary_category)[T.cs.NE],0.05913449763425659,0.042539618062254626,1.3901041036079869,0.16449726737423875,-0.024241621683852042,0.14251061695236522,138824.0,230889.36843356155,232306.4669936405,0.04862721577425366,0.04764620691829535
SLOPE_Base_StageInteraction,ols,main,Log_RCR ~ HSS_Continuous * C(stage) + has_hss_concepts + log_team_size + log_prior_knowledge + HSS_Diversity + C(arxiv_primary_category),C(arxiv_primary_category)[T.cs.NI],-0.0659207146780261,0.03647772172451067,-1.807149996260091,0.07073889503818126,-0.13741573549614133,0.005574306140089122,138824.0,230889.36843356155,232306.4669936405,0.04862721577425366,0.04764620691829535
SLOPE_Base_StageInteraction,ols,main,Log_RCR ~ HSS_Continuous * C(stage) + has_hss_concepts + log_team_size + log_prior_knowledge + HSS_Diversity + C(arxiv_primary_category),C(arxiv_primary_category)[T.cs.OH],0.07321874315795533,0.15040330251341272,0.48681606011560685,0.6263886880881052,-0.2215663129242162,0.3680037992401269,138824.0,230889.36843356155,232306.4669936405,0.04862721577425366,0.04764620691829535
SLOPE_Base_StageInteraction,ols,main,Log_RCR ~ HSS_Continuous * C(stage) + has_hss_concepts + log_team_size + log_prior_knowledge + HSS_Diversity + C(arxiv_primary_category),C(arxiv_primary_category)[T.cs.OS],0.06597913247816072,0.1326602204695223,0.4973543104680648,0.6189392190902812,-0.19403012182324625,0.3259883867795677,138824.0,230889.36843356155,232306.4669936405,0.04862721577425366,0.04764620691829535
SLOPE_Base_StageInteraction,ols,main,Log_RCR ~ HSS_Continuous * C(stage) + has_hss_concepts + log_team_size + log_prior_knowledge + HSS_Diversity + C(arxiv_primary_category),C(arxiv_primary_category)[T.cs.PF],-0.033422516497587706,0.059659677877825466,-0.5602195265960414,0.5753297096607008,-0.15035333646738663,0.0835083034722112,138824.0,230889.36843356155,232306.4669936405,0.04862721577425366,0.04764620691829535
SLOPE_Base_StageInteraction,ols,main,Log_RCR ~ HSS_Continuous * C(stage) + has_hss_concepts + log_team_size + log_prior_knowledge + HSS_Diversity + C(arxiv_primary_category),C(arxiv_primary_category)[T.cs.PL],-0.007203756725130271,0.0468702661498847,-0.15369566501059845,0.8778497029895309,-0.09906779032471111,0.08466027687445057,138824.0,230889.36843356155,232306.4669936405,0.04862721577425366,0.04764620691829535
SLOPE_Base_StageInteraction,ols,main,Log_RCR ~ HSS_Continuous * C(stage) + has_hss_concepts + log_team_size + log_prior_knowledge + HSS_Diversity + C(arxiv_primary_category),C(arxiv_primary_category)[T.cs.RO],-0.04302007183972309,0.03220070329850229,-1.3359978954783893,0.18154996117838051,-0.10613229058164769,0.020092146902201513,138824.0,230889.36843356155,232306.4669936405,0.04862721577425366,0.04764620691829535
SLOPE_Base_StageInteraction,ols,main,Log_RCR ~ HSS_Continuous * C(stage) + has_hss_concepts + log_team_size + log_prior_knowledge + HSS_Diversity + C(arxiv_primary_category),C(arxiv_primary_category)[T.cs.SC],-0.0832777866806976,0.0435960019158606,-1.9102161441643672,0.05610538935059483,-0.16872438030572356,0.002168806944328361,138824.0,230889.36843356155,232306.4669936405,0.04862721577425366,0.04764620691829535
SLOPE_Base_StageInteraction,ols,main,Log_RCR ~ HSS_Continuous * C(stage) + has_hss_concepts + log_team_size + log_prior_knowledge + HSS_Diversity + C(arxiv_primary_category),C(arxiv_primary_category)[T.cs.SD],-0.13354068670767225,0.0319606612397965,-4.178282974364473,2.9371808001149286e-05,-0.19618243165975868,-0.07089894175558582,138824.0,230889.36843356155,232306.4669936405,0.04862721577425366,0.04764620691829535
SLOPE_Base_StageInteraction,ols,main,Log_RCR ~ HSS_Continuous * C(stage) + has_hss_concepts + log_team_size + log_prior_knowledge + HSS_Diversity + C(arxiv_primary_category),C(arxiv_primary_category)[T.cs.SE],0.04098438045906897,0.032406961326291166,1.2646782907664689,0.20598667518960956,-0.022532096588844093,0.10450085750698204,138824.0,230889.36843356155,232306.4669936405,0.04862721577425366,0.04764620691829535
SLOPE_Base_StageInteraction,ols,main,Log_RCR ~ HSS_Continuous * C(stage) + has_hss_concepts + log_team_size + log_prior_knowledge + HSS_Diversity + C(arxiv_primary_category),C(arxiv_primary_category)[T.cs.SI],-0.07066947036071433,0.03878330533524634,-1.8221621326455066,0.06843038842280831,-0.14668335201921728,0.0053444112977886205,138824.0,230889.36843356155,232306.4669936405,0.04862721577425366,0.04764620691829535
SLOPE_Base_StageInteraction,ols,main,Log_RCR ~ HSS_Continuous * C(stage) + has_hss_concepts + log_team_size + log_prior_knowledge + HSS_Diversity + C(arxiv_primary_category),C(arxiv_primary_category)[T.econ.EM],-0.08262275092481407,0.06468661419663722,-1.2772774081768106,0.201504326656204,-0.20940618503206038,0.044160683182432256,138824.0,230889.36843356155,232306.4669936405,0.04862721577425366,0.04764620691829535
SLOPE_Base_StageInteraction,ols,main,Log_RCR ~ HSS_Continuous * C(stage) + has_hss_concepts + log_team_size + log_prior_knowledge + HSS_Diversity + C(arxiv_primary_category),C(arxiv_primary_category)[T.econ.GN],0.1927291767171963,0.08791243239740186,2.192285794641398,0.028358876826561078,0.020423975424976426,0.3650343780094162,138824.0,230889.36843356155,232306.4669936405,0.04862721577425366,0.04764620691829535
SLOPE_Base_StageInteraction,ols,main,Log_RCR ~ HSS_Continuous * C(stage) + has_hss_concepts + log_team_size + log_prior_knowledge + HSS_Diversity + C(arxiv_primary_category),C(arxiv_primary_category)[T.econ.TH],-0.06093170620138244,0.1700866814390848,-0.3582391383372639,0.7201643600415424,-0.39429547607192594,0.27243206366916106,138824.0,230889.36843356155,232306.4669936405,0.04862721577425366,0.04764620691829535
SLOPE_Base_StageInteraction,ols,main,Log_RCR ~ HSS_Continuous * C(stage) + has_hss_concepts + log_team_size + log_prior_knowledge + HSS_Diversity + C(arxiv_primary_category),C(arxiv_primary_category)[T.eess.AS],-0.14905163773759225,0.03241282874018038,-4.598538403802481,4.25465293198808e-06,-0.21257961470541056,-0.08552366076977394,138824.0,230889.36843356155,232306.4669936405,0.04862721577425366,0.04764620691829535
SLOPE_Base_StageInteraction,ols,main,Log_RCR ~ HSS_Continuous * C(stage) + has_hss_concepts + log_team_size + log_prior_knowledge + HSS_Diversity + C(arxiv_primary_category),C(arxiv_primary_category)[T.eess.IV],-0.001015433518972418,0.032316015553346705,-0.03142199004379603,0.9749330042895652,-0.06435366012736818,0.062322793089423345,138824.0,230889.36843356155,232306.4669936405,0.04862721577425366,0.04764620691829535
SLOPE_Base_StageInteraction,ols,main,Log_RCR ~ HSS_Continuous * C(stage) + has_hss_concepts + log_team_size + log_prior_knowledge + HSS_Diversity + C(arxiv_primary_category),C(arxiv_primary_category)[T.eess.SP],-0.09343074525703086,0.033078898852832786,-2.8244817239141473,0.004735714898921432,-0.15826419565682642,-0.028597294857235292,138824.0,230889.36843356155,232306.4669936405,0.04862721577425366,0.04764620691829535
SLOPE_Base_StageInteraction,ols,main,Log_RCR ~ HSS_Continuous * C(stage) + has_hss_concepts + log_team_size + log_prior_knowledge + HSS_Diversity + C(arxiv_primary_category),C(arxiv_primary_category)[T.eess.SY],-0.03397922976001676,0.03915168655087811,-0.8678867439301834,0.3854563365357181,-0.11071512533373906,0.04275666581370555,138824.0,230889.36843356155,232306.4669936405,0.04862721577425366,0.04764620691829535
SLOPE_Base_StageInteraction,ols,main,Log_RCR ~ HSS_Continuous * C(stage) + has_hss_concepts + log_team_size + log_prior_knowledge + HSS_Diversity + C(arxiv_primary_category),C(arxiv_primary_category)[T.gr-qc],-0.10127916037664117,0.046332629813463984,-2.1859143498737916,0.028821872185169316,-0.19208944612005735,-0.010468874633225003,138824.0,230889.36843356155,232306.4669936405,0.04862721577425366,0.04764620691829535
SLOPE_Base_StageInteraction,ols,main,Log_RCR ~ HSS_Continuous * C(stage) + has_hss_concepts + log_team_size + log_prior_knowledge + HSS_Diversity + C(arxiv_primary_category),C(arxiv_primary_category)[T.hep-ex],0.127116394614615,0.07002819773647452,1.8152172799444446,0.06949052519222292,-0.01013635085112441,0.2643691400803544,138824.0,230889.36843356155,232306.4669936405,0.04862721577425366,0.04764620691829535
SLOPE_Base_StageInteraction,ols,main,Log_RCR ~ HSS_Continuous * C(stage) + has_hss_concepts + log_team_size + log_prior_knowledge + HSS_Diversity + C(arxiv_primary_category),C(arxiv_primary_category)[T.hep-lat],-0.012985598060324661,0.05203719664879922,-0.24954453538235155,0.8029395959680711,-0.11497662934839953,0.0890054332277502,138824.0,230889.36843356155,232306.4669936405,0.04862721577425366,0.04764620691829535
SLOPE_Base_StageInteraction,ols,main,Log_RCR ~ HSS_Continuous * C(stage) + has_hss_concepts + log_team_size + log_prior_knowledge + HSS_Diversity + C(arxiv_primary_category),C(arxiv_primary_category)[T.hep-ph],0.20683710587275306,0.06900882965569424,2.997255668654655,0.0027242213623980206,0.07158228513233272,0.3420919266131734,138824.0,230889.36843356155,232306.4669936405,0.04862721577425366,0.04764620691829535
SLOPE_Base_StageInteraction,ols,main,Log_RCR ~ HSS_Continuous * C(stage) + has_hss_concepts + log_team_size + log_prior_knowledge + HSS_Diversity + C(arxiv_primary_category),C(arxiv_primary_category)[T.hep-th],0.19517329238995523,0.1127015584248507,1.7317710164593385,0.08331434053610237,-0.025717703124288838,0.4160642879041993,138824.0,230889.36843356155,232306.4669936405,0.04862721577425366,0.04764620691829535
SLOPE_Base_StageInteraction,ols,main,Log_RCR ~ HSS_Continuous * C(stage) + has_hss_concepts + log_team_size + log_prior_knowledge + HSS_Diversity + C(arxiv_primary_category),C(arxiv_primary_category)[T.math-ph],0.016650940691639343,0.0712908644721088,0.23356345606040035,0.815323900911568,-0.12307658610042001,0.15637846748369869,138824.0,230889.36843356155,232306.4669936405,0.04862721577425366,0.04764620691829535
SLOPE_Base_StageInteraction,ols,main,Log_RCR ~ HSS_Continuous * C(stage) + has_hss_concepts + log_team_size + log_prior_knowledge + HSS_Diversity + C(arxiv_primary_category),C(arxiv_primary_category)[T.math.AC],-0.03451451677067771,0.03079889798214052,-1.1206412901751155,0.2624405819201815,-0.09487924757919647,0.025850214037841053,138824.0,230889.36843356155,232306.4669936405,0.04862721577425366,0.04764620691829535
SLOPE_Base_StageInteraction,ols,main,Log_RCR ~ HSS_Continuous * C(stage) + has_hss_concepts + log_team_size + log_prior_knowledge + HSS_Diversity + C(arxiv_primary_category),C(arxiv_primary_category)[T.math.AG],-0.011040385940222957,0.04940343131305224,-0.22347407147215945,0.823166560851962,-0.1078693320265037,0.08578856014605779,138824.0,230889.36843356155,232306.4669936405,0.04862721577425366,0.04764620691829535
SLOPE_Base_StageInteraction,ols,main,Log_RCR ~ HSS_Continuous * C(stage) + has_hss_concepts + log_team_size + log_prior_knowledge + HSS_Diversity + C(arxiv_primary_category),C(arxiv_primary_category)[T.math.AP],-0.11827886329716539,0.035452334475608256,-3.336278556734904,0.000849080415651572,-0.1877641620372253,-0.0487935645571055,138824.0,230889.36843356155,232306.4669936405,0.04862721577425366,0.04764620691829535
SLOPE_Base_StageInteraction,ols,main,Log_RCR ~ HSS_Continuous * C(stage) + has_hss_concepts + log_team_size + log_prior_knowledge + HSS_Diversity + C(arxiv_primary_category),C(arxiv_primary_category)[T.math.AT],-0.12556722168969042,0.030772956105927844,-4.080440671915241,4.495040152379117e-05,-0.18588110735514093,-0.06525333602423991,138824.0,230889.36843356155,232306.4669936405,0.04862721577425366,0.04764620691829535
SLOPE_Base_StageInteraction,ols,main,Log_RCR ~ HSS_Continuous * C(stage) + has_hss_concepts + log_team_size + log_prior_knowledge + HSS_Diversity + C(arxiv_primary_category),C(arxiv_primary_category)[T.math.CO],-0.06461710517818284,0.035206444424179834,-1.8353771940060986,0.06644982045329663,-0.13362046827328633,0.004386257916920641,138824.0,230889.36843356155,232306.4669936405,0.04862721577425366,0.04764620691829535
SLOPE_Base_StageInteraction,ols,main,Log_RCR ~ HSS_Continuous * C(stage) + has_hss_concepts + log_team_size + log_prior_knowledge + HSS_Diversity + C(arxiv_primary_category),C(arxiv_primary_category)[T.math.CT],-0.07771494370895075,0.060946882194552694,-1.2751258294209635,0.2022647084287158,-0.19716863778027954,0.04173875036237802,138824.0,230889.36843356155,232306.4669936405,0.04862721577425366,0.04764620691829535
SLOPE_Base_StageInteraction,ols,main,Log_RCR ~ HSS_Continuous * C(stage) + has_hss_concepts + log_team_size + log_prior_knowledge + HSS_Diversity + C(arxiv_primary_category),C(arxiv_primary_category)[T.math.DG],-0.11305616446470897,0.04723311257529227,-2.39357853633912,0.016684908866708464,-0.20563136399000775,-0.020480964939410193,138824.0,230889.36843356155,232306.4669936405,0.04862721577425366,0.04764620691829535
SLOPE_Base_StageInteraction,ols,main,Log_RCR ~ HSS_Continuous * C(stage) + has_hss_concepts + log_team_size + log_prior_knowledge + HSS_Diversity + C(arxiv_primary_category),C(arxiv_primary_category)[T.math.DS],-0.07199492833286188,0.034386601502981125,-2.093691297949881,0.03628748862319036,-0.13939142882943578,-0.0045984278362879855,138824.0,230889.36843356155,232306.4669936405,0.04862721577425366,0.04764620691829535
SLOPE_Base_StageInteraction,ols,main,Log_RCR ~ HSS_Continuous * C(stage) + has_hss_concepts + log_team_size + log_prior_knowledge + HSS_Diversity + C(arxiv_primary_category),C(arxiv_primary_category)[T.math.FA],-0.10823483403910025,0.0483806837005643,-2.2371497415989974,0.02527655487114073,-0.2030592316396303,-0.013410436438570192,138824.0,230889.36843356155,232306.4669936405,0.04862721577425366,0.04764620691829535
SLOPE_Base_StageInteraction,ols,main,Log_RCR ~ HSS_Continuous * C(stage) + has_hss_concepts + log_team_size + log_prior_knowledge + HSS_Diversity + C(arxiv_primary_category),C(arxiv_primary_category)[T.math.GM],-0.17687368766767736,0.05905912375466336,-2.9948579732138554,0.0027457265812480497,-0.29262744318531153,-0.0611199321500432,138824.0,230889.36843356155,232306.4669936405,0.04862721577425366,0.04764620691829535
SLOPE_Base_StageInteraction,ols,main,Log_RCR ~ HSS_Continuous * C(stage) + has_hss_concepts + log_team_size + log_prior_knowledge + HSS_Diversity + C(arxiv_primary_category),C(arxiv_primary_category)[T.math.GR],-0.05729103383787311,0.031211987447634378,-1.8355458438522254,0.06642485298259798,-0.11846540512115274,0.003883337445406518,138824.0,230889.36843356155,232306.4669936405,0.04862721577425366,0.04764620691829535
SLOPE_Base_StageInteraction,ols,main,Log_RCR ~ HSS_Continuous * C(stage) + has_hss_concepts + log_team_size + log_prior_knowledge + HSS_Diversity + C(arxiv_primary_category),C(arxiv_primary_category)[T.math.GT],-0.10523880011184711,0.04355812788648392,-2.41605425251765,0.015689723420203635,-0.19061116200334538,-0.019866438220348837,138824.0,230889.36843356155,232306.4669936405,0.04862721577425366,0.04764620691829535
SLOPE_Base_StageInteraction,ols,main,Log_RCR ~ HSS_Continuous * C(stage) + has_hss_concepts + log_team_size + log_prior_knowledge + HSS_Diversity + C(arxiv_primary_category),C(arxiv_primary_category)[T.math.HO],0.01204518626877767,0.09128499414431318,0.131951438258684,0.895022702440764,-0.1668701145830259,0.19096048712058125,138824.0,230889.36843356155,232306.4669936405,0.04862721577425366,0.04764620691829535
SLOPE_Base_StageInteraction,ols,main,Log_RCR ~ HSS_Continuous * C(stage) + has_hss_concepts + log_team_size + log_prior_knowledge + HSS_Diversity + C(arxiv_primary_category),C(arxiv_primary_category)[T.math.LO],0.02561016341331938,0.03717284986392987,0.6889480765414714,0.4908559434300851,-0.04724728352269782,0.09846761034933658,138824.0,230889.36843356155,232306.4669936405,0.04862721577425366,0.04764620691829535
SLOPE_Base_StageInteraction,ols,main,Log_RCR ~ HSS_Continuous * C(stage) + has_hss_concepts + log_team_size + log_prior_knowledge + HSS_Diversity + C(arxiv_primary_category),C(arxiv_primary_category)[T.math.NA],-0.06705224228004618,0.03554116246514605,-1.8866080237471672,0.05921306676066116,-0.13671164068041924,0.002607156120326873,138824.0,230889.36843356155,232306.4669936405,0.04862721577425366,0.04764620691829535
SLOPE_Base_StageInteraction,ols,main,Log_RCR ~ HSS_Continuous * C(stage) + has_hss_concepts + log_team_size + log_prior_knowledge + HSS_Diversity + C(arxiv_primary_category),C(arxiv_primary_category)[T.math.NT],-0.07088351943029982,0.05529880614380522,-1.2818273010445536,0.19990323485855388,-0.1792671878602203,0.037500148999620675,138824.0,230889.36843356155,232306.4669936405,0.04862721577425366,0.04764620691829535
SLOPE_Base_StageInteraction,ols,main,Log_RCR ~ HSS_Continuous * C(stage) + has_hss_concepts + log_team_size + log_prior_knowledge + HSS_Diversity + C(arxiv_primary_category),C(arxiv_primary_category)[T.math.OC],-0.06096665713842566,0.037539640619668795,-1.6240607563643628,0.10436284238619177,-0.13454300074555336,0.012609686468702051,138824.0,230889.36843356155,232306.4669936405,0.04862721577425366,0.04764620691829535
SLOPE_Base_StageInteraction,ols,main,Log_RCR ~ HSS_Continuous * C(stage) + has_hss_concepts + log_team_size + log_prior_knowledge + HSS_Diversity + C(arxiv_primary_category),C(arxiv_primary_category)[T.math.PR],-0.11618106861993643,0.035271502714432884,-3.2939075366470236,0.0009880499474516726,-0.18531194362083164,-0.047050193619041225,138824.0,230889.36843356155,232306.4669936405,0.04862721577425366,0.04764620691829535
SLOPE_Base_StageInteraction,ols,main,Log_RCR ~ HSS_Continuous * C(stage) + has_hss_concepts + log_team_size + log_prior_knowledge + HSS_Diversity + C(arxiv_primary_category),C(arxiv_primary_category)[T.math.SP],-0.12069497652288216,0.030800001724480663,-3.918667849519975,8.903971409253189e-05,-0.1810618706266358,-0.06032808241912851,138824.0,230889.36843356155,232306.4669936405,0.04862721577425366,0.04764620691829535
SLOPE_Base_StageInteraction,ols,main,Log_RCR ~ HSS_Continuous * C(stage) + has_hss_concepts + log_team_size + log_prior_knowledge + HSS_Diversity + C(arxiv_primary_category),C(arxiv_primary_category)[T.math.ST],-0.06552120877779692,0.04717818792531366,-1.3888029968747746,0.16489266370993783,-0.15798875796727416,0.026946340411680314,138824.0,230889.36843356155,232306.4669936405,0.04862721577425366,0.04764620691829535
SLOPE_Base_StageInteraction,ols,main,Log_RCR ~ HSS_Continuous * C(stage) + has_hss_concepts + log_team_size + log_prior_knowledge + HSS_Diversity + C(arxiv_primary_category),C(arxiv_primary_category)[T.nlin.AO],-0.0954828349042369,0.051780454897748476,-1.84399374421851,0.06518405187654155,-0.19697066160692456,0.006004991798450765,138824.0,230889.36843356155,232306.4669936405,0.04862721577425366,0.04764620691829535
SLOPE_Base_StageInteraction,ols,main,Log_RCR ~ HSS_Continuous * C(stage) + has_hss_concepts + log_team_size + log_prior_knowledge + HSS_Diversity + C(arxiv_primary_category),C(arxiv_primary_category)[T.nlin.CD],0.4456594308773205,0.5325842402227551,0.8367867413630603,0.4027124513755369,-0.5981864986929077,1.4895053604475488,138824.0,230889.36843356155,232306.4669936405,0.04862721577425366,0.04764620691829535
SLOPE_Base_StageInteraction,ols,main,Log_RCR ~ HSS_Continuous * C(stage) + has_hss_concepts + log_team_size + log_prior_knowledge + HSS_Diversity + C(arxiv_primary_category),C(arxiv_primary_category)[T.nlin.CG],0.011689330648021893,0.031034128537012665,0.3766605089000867,0.7064259142482773,-0.04913644357610965,0.07251510487215343,138824.0,230889.36843356155,232306.4669936405,0.04862721577425366,0.04764620691829535
SLOPE_Base_StageInteraction,ols,main,Log_RCR ~ HSS_Continuous * C(stage) + has_hss_concepts + log_team_size + log_prior_knowledge + HSS_Diversity + C(arxiv_primary_category),C(arxiv_primary_category)[T.nlin.PS],0.0033923395620092636,0.11762689044577326,0.028839830324114142,0.9769923340757051,-0.22715212932514492,0.23393680844916345,138824.0,230889.36843356155,232306.4669936405,0.04862721577425366,0.04764620691829535
SLOPE_Base_StageInteraction,ols,main,Log_RCR ~ HSS_Continuous * C(stage) + has_hss_concepts + log_team_size + log_prior_knowledge + HSS_Diversity + C(arxiv_primary_category),C(arxiv_primary_category)[T.nucl-ex],-0.2686819804907516,0.04827093154177237,-5.5661237914632204,2.604682377096163e-08,-0.36329126781282395,-0.17407269316867924,138824.0,230889.36843356155,232306.4669936405,0.04862721577425366,0.04764620691829535
SLOPE_Base_StageInteraction,ols,main,Log_RCR ~ HSS_Continuous * C(stage) + has_hss_concepts + log_team_size + log_prior_knowledge + HSS_Diversity + C(arxiv_primary_category),C(arxiv_primary_category)[T.nucl-th],-0.1078569757537882,0.043078812256029476,-2.503712848737888,0.012289773306901735,-0.19228989627236864,-0.023424055235207755,138824.0,230889.36843356155,232306.4669936405,0.04862721577425366,0.04764620691829535
SLOPE_Base_StageInteraction,ols,main,Log_RCR ~ HSS_Continuous * C(stage) + has_hss_concepts + log_team_size + log_prior_knowledge + HSS_Diversity + C(arxiv_primary_category),C(arxiv_primary_category)[T.physics.acc-ph],0.24702632831948879,0.21427758637269398,1.1528332594237587,0.24897883011358446,-0.1729500236651621,0.6670026803041397,138824.0,230889.36843356155,232306.4669936405,0.04862721577425366,0.04764620691829535
SLOPE_Base_StageInteraction,ols,main,Log_RCR ~ HSS_Continuous * C(stage) + has_hss_concepts + log_team_size + log_prior_knowledge + HSS_Diversity + C(arxiv_primary_category),C(arxiv_primary_category)[T.physics.ao-ph],0.20382385036967587,0.08280026258390041,2.4616328983636238,0.013830614732657735,0.041538317794771656,0.36610938294458006,138824.0,230889.36843356155,232306.4669936405,0.04862721577425366,0.04764620691829535
SLOPE_Base_StageInteraction,ols,main,Log_RCR ~ HSS_Continuous * C(stage) + has_hss_concepts + log_team_size + log_prior_knowledge + HSS_Diversity + C(arxiv_primary_category),C(arxiv_primary_category)[T.physics.app-ph],-0.04809363600843627,0.05412890841007705,-0.8885018638115153,0.3742708537251913,-0.15418434701465453,0.057997074997782,138824.0,230889.36843356155,232306.4669936405,0.04862721577425366,0.04764620691829535
SLOPE_Base_StageInteraction,ols,main,Log_RCR ~ HSS_Continuous * C(stage) + has_hss_concepts + log_team_size + log_prior_knowledge + HSS_Diversity + C(arxiv_primary_category),C(arxiv_primary_category)[T.physics.atom-ph],-0.027648550436873143,0.06218245337863517,-0.444635888978493,0.6565829072183917,-0.14952391952933908,0.09422681865559279,138824.0,230889.36843356155,232306.4669936405,0.04862721577425366,0.04764620691829535
SLOPE_Base_StageInteraction,ols,main,Log_RCR ~ HSS_Continuous * C(stage) + has_hss_concepts + log_team_size + log_prior_knowledge + HSS_Diversity + C(arxiv_primary_category),C(arxiv_primary_category)[T.physics.bio-ph],-0.07488901710557716,0.06433954243884646,-1.1639656464258785,0.2444379340001801,-0.20099220306750257,0.05121416885634825,138824.0,230889.36843356155,232306.4669936405,0.04862721577425366,0.04764620691829535
SLOPE_Base_StageInteraction,ols,main,Log_RCR ~ HSS_Continuous * C(stage) + has_hss_concepts + log_team_size + log_prior_knowledge + HSS_Diversity + C(arxiv_primary_category),C(arxiv_primary_category)[T.physics.chem-ph],0.3291164143263015,0.09065340370042142,3.630491530289574,0.00028288198799389613,0.15143900799750545,0.5067938206550976,138824.0,230889.36843356155,232306.4669936405,0.04862721577425366,0.04764620691829535
SLOPE_Base_StageInteraction,ols,main,Log_RCR ~ HSS_Continuous * C(stage) + has_hss_concepts + log_team_size + log_prior_knowledge + HSS_Diversity + C(arxiv_primary_category),C(arxiv_primary_category)[T.physics.class-ph],-0.09151218416151978,0.030779415494660785,-2.9731618580409407,0.002947489750482215,-0.151838729996249,-0.031185638326790548,138824.0,230889.36843356155,232306.4669936405,0.04862721577425366,0.04764620691829535
SLOPE_Base_StageInteraction,ols,main,Log_RCR ~ HSS_Continuous * C(stage) + has_hss_concepts + log_team_size + log_prior_knowledge + HSS_Diversity + C(arxiv_primary_category),C(arxiv_primary_category)[T.physics.comp-ph],0.1417032852636523,0.08113327349649625,1.7465495863392198,0.0807154985769274,-0.01731500873731845,0.30072157926462306,138824.0,230889.36843356155,232306.4669936405,0.04862721577425366,0.04764620691829535
SLOPE_Base_StageInteraction,ols,main,Log_RCR ~ HSS_Continuous * C(stage) + has_hss_concepts + log_team_size + log_prior_knowledge + HSS_Diversity + C(arxiv_primary_category),C(arxiv_primary_category)[T.physics.data-an],-0.014337157848181712,0.07813552589093703,-0.18349089847035488,0.854412859509793,-0.1674799745075152,0.13880565881115178,138824.0,230889.36843356155,232306.4669936405,0.04862721577425366,0.04764620691829535
SLOPE_Base_StageInteraction,ols,main,Log_RCR ~ HSS_Continuous * C(stage) + has_hss_concepts + log_team_size + log_prior_knowledge + HSS_Diversity + C(arxiv_primary_category),C(arxiv_primary_category)[T.physics.ed-ph],0.07118400076672457,0.07040702736077233,1.0110354524978162,0.3119994618816171,-0.06681123711891537,0.2091792386523645,138824.0,230889.36843356155,232306.4669936405,0.04862721577425366,0.04764620691829535
SLOPE_Base_StageInteraction,ols,main,Log_RCR ~ HSS_Continuous * C(stage) + has_hss_concepts + log_team_size + log_prior_knowledge + HSS_Diversity + C(arxiv_primary_category),C(arxiv_primary_category)[T.physics.flu-dyn],-0.030542344158327944,0.042037338265669494,-0.726552760436568,0.46749997574023383,-0.11293401316496761,0.051849324848311715,138824.0,230889.36843356155,232306.4669936405,0.04862721577425366,0.04764620691829535
SLOPE_Base_StageInteraction,ols,main,Log_RCR ~ HSS_Continuous * C(stage) + has_hss_concepts + log_team_size + log_prior_knowledge + HSS_Diversity + C(arxiv_primary_category),C(arxiv_primary_category)[T.physics.gen-ph],-0.12628832123182895,0.034117740693662905,-3.7015440842273004,0.00021429141452628247,-0.19315786422528486,-0.05941877823837306,138824.0,230889.36843356155,232306.4669936405,0.04862721577425366,0.04764620691829535
SLOPE_Base_StageInteraction,ols,main,Log_RCR ~ HSS_Continuous * C(stage) + has_hss_concepts + log_team_size + log_prior_knowledge + HSS_Diversity + C(arxiv_primary_category),C(arxiv_primary_category)[T.physics.geo-ph],0.060769706753386464,0.06524684637720296,0.9313815169252257,0.3516562483170659,-0.06711176225074902,0.18865117575752197,138824.0,230889.36843356155,232306.4669936405,0.04862721577425366,0.04764620691829535
SLOPE_Base_StageInteraction,ols,main,Log_RCR ~ HSS_Continuous * C(stage) + has_hss_concepts + log_team_size + log_prior_knowledge + HSS_Diversity + C(arxiv_primary_category),C(arxiv_primary_category)[T.physics.ins-det],0.02571411271342832,0.06582661745541334,0.39063396703993464,0.6960678145772352,-0.10330368672327747,0.15473191215013413,138824.0,230889.36843356155,232306.4669936405,0.04862721577425366,0.04764620691829535
SLOPE_Base_StageInteraction,ols,main,Log_RCR ~ HSS_Continuous * C(stage) + has_hss_concepts + log_team_size + log_prior_knowledge + HSS_Diversity + C(arxiv_primary_category),C(arxiv_primary_category)[T.physics.med-ph],-0.11591961130711625,0.03932524376379674,-2.947715009813446,0.0032013204299671904,-0.19299567276741622,-0.03884354984681629,138824.0,230889.36843356155,232306.4669936405,0.04862721577425366,0.04764620691829535
SLOPE_Base_StageInteraction,ols,main,Log_RCR ~ HSS_Continuous * C(stage) + has_hss_concepts + log_team_size + log_prior_knowledge + HSS_Diversity + C(arxiv_primary_category),C(arxiv_primary_category)[T.physics.optics],-0.1039169120871341,0.040942078096009325,-2.5381445427232237,0.011144194661267107,-0.18416191060753861,-0.023671913566729597,138824.0,230889.36843356155,232306.4669936405,0.04862721577425366,0.04764620691829535
SLOPE_Base_StageInteraction,ols,main,Log_RCR ~ HSS_Continuous * C(stage) + has_hss_concepts + log_team_size + log_prior_knowledge + HSS_Diversity + C(arxiv_primary_category),C(arxiv_primary_category)[T.physics.plasm-ph],0.05713308896199532,0.12930420344228521,0.44185020626569665,0.6585976049408839,-0.19629849283452377,0.3105646707585144,138824.0,230889.36843356155,232306.4669936405,0.04862721577425366,0.04764620691829535
SLOPE_Base_StageInteraction,ols,main,Log_RCR ~ HSS_Continuous * C(stage) + has_hss_concepts + log_team_size + log_prior_knowledge + HSS_Diversity + C(arxiv_primary_category),C(arxiv_primary_category)[T.physics.pop-ph],0.18559770277943788,0.2056995017417921,0.9022758986184256,0.366910325206821,-0.21756591227230876,0.5887613178311846,138824.0,230889.36843356155,232306.4669936405,0.04862721577425366,0.04764620691829535
SLOPE_Base_StageInteraction,ols,main,Log_RCR ~ HSS_Continuous * C(stage) + has_hss_concepts + log_team_size + log_prior_knowledge + HSS_Diversity + C(arxiv_primary_category),C(arxiv_primary_category)[T.physics.soc-ph],-0.026198944852172546,0.06988630735627341,-0.3748795127865741,0.7077500762468394,-0.16317359028296508,0.11077570057861998,138824.0,230889.36843356155,232306.4669936405,0.04862721577425366,0.04764620691829535
SLOPE_Base_StageInteraction,ols,main,Log_RCR ~ HSS_Continuous * C(stage) + has_hss_concepts + log_team_size + log_prior_knowledge + HSS_Diversity + C(arxiv_primary_category),C(arxiv_primary_category)[T.physics.space-ph],0.09959410217550298,0.18761290927608368,0.5308488768698975,0.5955235068173587,-0.26812044304040167,0.4673086473914076,138824.0,230889.36843356155,232306.4669936405,0.04862721577425366,0.04764620691829535
SLOPE_Base_StageInteraction,ols,main,Log_RCR ~ HSS_Continuous * C(stage) + has_hss_concepts + log_team_size + log_prior_knowledge + HSS_Diversity + C(arxiv_primary_category),C(arxiv_primary_category)[T.q-bio.BM],0.36559556339632276,0.06516505232711188,5.610301079190831,2.0197491347257608e-08,0.23787440778451543,0.4933167190081301,138824.0,230889.36843356155,232306.4669936405,0.04862721577425366,0.04764620691829535
SLOPE_Base_StageInteraction,ols,main,Log_RCR ~ HSS_Continuous * C(stage) + has_hss_concepts + log_team_size + log_prior_knowledge + HSS_Diversity + C(arxiv_primary_category),C(arxiv_primary_category)[T.q-bio.CB],-0.01033527015169172,0.0941453878082491,-0.10977988823777658,0.9125839414878194,-0.19485683956641625,0.1741862992630328,138824.0,230889.36843356155,232306.4669936405,0.04862721577425366,0.04764620691829535
SLOPE_Base_StageInteraction,ols,main,Log_RCR ~ HSS_Continuous * C(stage) + has_hss_concepts + log_team_size + log_prior_knowledge + HSS_Diversity + C(arxiv_primary_category),C(arxiv_primary_category)[T.q-bio.GN],0.15849682679414304,0.07131316351763822,2.22254656750631,0.026246390627168974,0.018725594675956414,0.29826805891232966,138824.0,230889.36843356155,232306.4669936405,0.04862721577425366,0.04764620691829535
SLOPE_Base_StageInteraction,ols,main,Log_RCR ~ HSS_Continuous * C(stage) + has_hss_concepts + log_team_size + log_prior_knowledge + HSS_Diversity + C(arxiv_primary_category),C(arxiv_primary_category)[T.q-bio.MN],-0.00780776210174621,0.09855844126028399,-0.07921961834934678,0.9368579404445339,-0.20097875734430928,0.18536323314081685,138824.0,230889.36843356155,232306.4669936405,0.04862721577425366,0.04764620691829535
SLOPE_Base_StageInteraction,ols,main,Log_RCR ~ HSS_Continuous * C(stage) + has_hss_concepts + log_team_size + log_prior_knowledge + HSS_Diversity + C(arxiv_primary_category),C(arxiv_primary_category)[T.q-bio.NC],-0.09709906287058997,0.04097344834597634,-2.369804514638204,0.017797492464882842,-0.17740554595111585,-0.0167925797900641,138824.0,230889.36843356155,232306.4669936405,0.04862721577425366,0.04764620691829535
SLOPE_Base_StageInteraction,ols,main,Log_RCR ~ HSS_Continuous * C(stage) + has_hss_concepts + log_team_size + log_prior_knowledge + HSS_Diversity + C(arxiv_primary_category),C(arxiv_primary_category)[T.q-bio.OT],0.15537243886518298,0.13311240029167945,1.1672273847119181,0.24311855462249,-0.10552307160218771,0.4162679493325537,138824.0,230889.36843356155,232306.4669936405,0.04862721577425366,0.04764620691829535
SLOPE_Base_StageInteraction,ols,main,Log_RCR ~ HSS_Continuous * C(stage) + has_hss_concepts + log_team_size + log_prior_knowledge + HSS_Diversity + C(arxiv_primary_category),C(arxiv_primary_category)[T.q-bio.PE],0.036437662065798425,0.1327067386145577,0.2745728095362994,0.7836444585387861,-0.22366276612450556,0.2965380902561024,138824.0,230889.36843356155,232306.4669936405,0.04862721577425366,0.04764620691829535
SLOPE_Base_StageInteraction,ols,main,Log_RCR ~ HSS_Continuous * C(stage) + has_hss_concepts + log_team_size + log_prior_knowledge + HSS_Diversity + C(arxiv_primary_category),C(arxiv_primary_category)[T.q-bio.QM],0.2490339327834036,0.05809004330412417,4.287033002878191,1.810753996779132e-05,0.1351795400469481,0.3628883255198591,138824.0,230889.36843356155,232306.4669936405,0.04862721577425366,0.04764620691829535
SLOPE_Base_StageInteraction,ols,main,Log_RCR ~ HSS_Continuous * C(stage) + has_hss_concepts + log_team_size + log_prior_knowledge + HSS_Diversity + C(arxiv_primary_category),C(arxiv_primary_category)[T.q-bio.TO],-0.08258474158354427,0.08456537746145988,-0.9765786432063374,0.3287777964658738,-0.24832983574704087,0.08316035257995232,138824.0,230889.36843356155,232306.4669936405,0.04862721577425366,0.04764620691829535
SLOPE_Base_StageInteraction,ols,main,Log_RCR ~ HSS_Continuous * C(stage) + has_hss_concepts + log_team_size + log_prior_knowledge + HSS_Diversity + C(arxiv_primary_category),C(arxiv_primary_category)[T.q-fin.CP],0.0058364192677483944,0.06492677477254029,0.08989233314291799,0.9283727737524056,-0.12141772091877434,0.13309055945427112,138824.0,230889.36843356155,232306.4669936405,0.04862721577425366,0.04764620691829535
SLOPE_Base_StageInteraction,ols,main,Log_RCR ~ HSS_Continuous * C(stage) + has_hss_concepts + log_team_size + log_prior_knowledge + HSS_Diversity + C(arxiv_primary_category),C(arxiv_primary_category)[T.q-fin.GN],0.19997806525813971,0.17841672026208144,1.1208482308406196,0.2623524701300385,-0.14971228069529763,0.5496684112115771,138824.0,230889.36843356155,232306.4669936405,0.04862721577425366,0.04764620691829535
SLOPE_Base_StageInteraction,ols,main,Log_RCR ~ HSS_Continuous * C(stage) + has_hss_concepts + log_team_size + log_prior_knowledge + HSS_Diversity + C(arxiv_primary_category),C(arxiv_primary_category)[T.q-fin.MF],-0.12306555248468404,0.05142015573893427,-2.3933329395091927,0.01669608281209264,-0.22384720581243578,-0.022283899156932296,138824.0,230889.36843356155,232306.4669936405,0.04862721577425366,0.04764620691829535
SLOPE_Base_StageInteraction,ols,main,Log_RCR ~ HSS_Continuous * C(stage) + has_hss_concepts + log_team_size + log_prior_knowledge + HSS_Diversity + C(arxiv_primary_category),C(arxiv_primary_category)[T.q-fin.PM],-0.14517247698096944,0.056157796873915033,-2.5850814145524503,0.009735600578113563,-0.25523973630495894,-0.03510521765697994,138824.0,230889.36843356155,232306.4669936405,0.04862721577425366,0.04764620691829535
SLOPE_Base_StageInteraction,ols,main,Log_RCR ~ HSS_Continuous * C(stage) + has_hss_concepts + log_team_size + log_prior_knowledge + HSS_Diversity + C(arxiv_primary_category),C(arxiv_primary_category)[T.q-fin.PR],-0.07923688561914694,0.12880611286576252,-0.6151640155597662,0.5384464093943091,-0.33169222782464275,0.17321845658634888,138824.0,230889.36843356155,232306.4669936405,0.04862721577425366,0.04764620691829535
SLOPE_Base_StageInteraction,ols,main,Log_RCR ~ HSS_Continuous * C(stage) + has_hss_concepts + log_team_size + log_prior_knowledge + HSS_Diversity + C(arxiv_primary_category),C(arxiv_primary_category)[T.q-fin.RM],0.11356343142704634,0.12276778724622557,0.9250262953691688,0.35495222960882933,-0.12705701003723158,0.35418387289132425,138824.0,230889.36843356155,232306.4669936405,0.04862721577425366,0.04764620691829535
SLOPE_Base_StageInteraction,ols,main,Log_RCR ~ HSS_Continuous * C(stage) + has_hss_concepts + log_team_size + log_prior_knowledge + HSS_Diversity + C(arxiv_primary_category),C(arxiv_primary_category)[T.q-fin.ST],-0.03309363514883743,0.05610807649483988,-0.5898194558831645,0.5553116974953418,-0.14306344432054194,0.07687617402286709,138824.0,230889.36843356155,232306.4669936405,0.04862721577425366,0.04764620691829535
SLOPE_Base_StageInteraction,ols,main,Log_RCR ~ HSS_Continuous * C(stage) + has_hss_concepts + log_team_size + log_prior_knowledge + HSS_Diversity + C(arxiv_primary_category),C(arxiv_primary_category)[T.q-fin.TR],0.24490413503098735,0.21247046682687568,1.152650242118304,0.24905397233395743,-0.17153032772810128,0.661338597790076,138824.0,230889.36843356155,232306.4669936405,0.04862721577425366,0.04764620691829535
SLOPE_Base_StageInteraction,ols,main,Log_RCR ~ HSS_Continuous * C(stage) + has_hss_concepts + log_team_size + log_prior_knowledge + HSS_Diversity + C(arxiv_primary_category),C(arxiv_primary_category)[T.quant-ph],0.05319015610892926,0.03865302951484788,1.3760928128155439,0.16879290040457473,-0.0225683896335363,0.12894870185139481,138824.0,230889.36843356155,232306.4669936405,0.04862721577425366,0.04764620691829535
SLOPE_Base_StageInteraction,ols,main,Log_RCR ~ HSS_Continuous * C(stage) + has_hss_concepts + log_team_size + log_prior_knowledge + HSS_Diversity + C(arxiv_primary_category),C(arxiv_primary_category)[T.stat.AP],0.02168604056444271,0.07127655404300605,0.30425209040490414,0.7609358422443385,-0.11801343830197192,0.16138551943085733,138824.0,230889.36843356155,232306.4669936405,0.04862721577425366,0.04764620691829535
SLOPE_Base_StageInteraction,ols,main,Log_RCR ~ HSS_Continuous * C(stage) + has_hss_concepts + log_team_size + log_prior_knowledge + HSS_Diversity + C(arxiv_primary_category),C(arxiv_primary_category)[T.stat.CO],0.018479315722386293,0.06844079499845365,0.27000439902552,0.7871568693242035,-0.11566217754787195,0.15262080899264452,138824.0,230889.36843356155,232306.4669936405,0.04862721577425366,0.04764620691829535
SLOPE_Base_StageInteraction,ols,main,Log_RCR ~ HSS_Continuous * C(stage) + has_hss_concepts + log_team_size + log_prior_knowledge + HSS_Diversity + C(arxiv_primary_category),C(arxiv_primary_category)[T.stat.ME],-0.0824213572301418,0.042537728461503665,-1.93760598440823,0.0526713118053058,-0.16579377299883338,0.0009510585385497927,138824.0,230889.36843356155,232306.4669936405,0.04862721577425366,0.04764620691829535
SLOPE_Base_StageInteraction,ols,main,Log_RCR ~ HSS_Continuous * C(stage) + has_hss_concepts + log_team_size + log_prior_knowledge + HSS_Diversity + C(arxiv_primary_category),C(arxiv_primary_category)[T.stat.ML],0.029806182236378886,0.03375462350821029,0.8830251722146744,0.37722267118479447,-0.036351664151422325,0.0959640286241801,138824.0,230889.36843356155,232306.4669936405,0.04862721577425366,0.04764620691829535
SLOPE_Base_StageInteraction,ols,main,Log_RCR ~ HSS_Continuous * C(stage) + has_hss_concepts + log_team_size + log_prior_knowledge + HSS_Diversity + C(arxiv_primary_category),C(arxiv_primary_category)[T.stat.OT],-0.13727559235945627,0.0448560366059386,-3.060359379617637,0.0022107154632018495,-0.22519180859630622,-0.04935937612260634,138824.0,230889.36843356155,232306.4669936405,0.04862721577425366,0.04764620691829535
SLOPE_Base_StageInteraction,ols,main,Log_RCR ~ HSS_Continuous * C(stage) + has_hss_concepts + log_team_size + log_prior_knowledge + HSS_Diversity + C(arxiv_primary_category),HSS_Continuous,-0.027953082513599417,0.014228608007557543,-1.9645690217027627,0.0494641403551601,-0.05584064175855042,-6.55232686484139e-05,138824.0,230889.36843356155,232306.4669936405,0.04862721577425366,0.04764620691829535
SLOPE_Base_StageInteraction,ols,main,Log_RCR ~ HSS_Continuous * C(stage) + has_hss_concepts + log_team_size + log_prior_knowledge + HSS_Diversity + C(arxiv_primary_category),HSS_Continuous:C(stage)[T.Phase2],0.013785145872057971,0.014767232486290058,0.9334955540827397,0.35056416488656106,-0.01515809795240042,0.042728389696516364,138824.0,230889.36843356155,232306.4669936405,0.04862721577425366,0.04764620691829535
SLOPE_Base_StageInteraction,ols,main,Log_RCR ~ HSS_Continuous * C(stage) + has_hss_concepts + log_team_size + log_prior_knowledge + HSS_Diversity + C(arxiv_primary_category),HSS_Continuous:C(stage)[T.Phase3],0.04018855941481018,0.014265848021674347,2.8171167499997907,0.004845690770246329,0.012228011083406477,0.06814910774621388,138824.0,230889.36843356155,232306.4669936405,0.04862721577425366,0.04764620691829535
SLOPE_Base_StageInteraction,ols,main,Log_RCR ~ HSS_Continuous * C(stage) + has_hss_concepts + log_team_size + log_prior_knowledge + HSS_Diversity + C(arxiv_primary_category),has_hss_concepts,0.09619683768701812,0.0034278624451655358,28.063214095037193,2.755810762658161e-173,0.08947835075053626,0.10291532462349998,138824.0,230889.36843356155,232306.4669936405,0.04862721577425366,0.04764620691829535
SLOPE_Base_StageInteraction,ols,main,Log_RCR ~ HSS_Continuous * C(stage) + has_hss_concepts + log_team_size + log_prior_knowledge + HSS_Diversity + C(arxiv_primary_category),log_team_size,0.03754603253934387,0.005597921957044134,6.707137546299283,1.9847916467016102e-11,0.02657430711527139,0.04851775796341634,138824.0,230889.36843356155,232306.4669936405,0.04862721577425366,0.04764620691829535
SLOPE_Base_StageInteraction,ols,main,Log_RCR ~ HSS_Continuous * C(stage) + has_hss_concepts + log_team_size + log_prior_knowledge + HSS_Diversity + C(arxiv_primary_category),log_prior_knowledge,0.07014312936103799,0.001601610871448408,43.795362913342636,0.0,0.0670040297357513,0.07328222898632468,138824.0,230889.36843356155,232306.4669936405,0.04862721577425366,0.04764620691829535
SLOPE_Base_StageInteraction,ols,main,Log_RCR ~ HSS_Continuous * C(stage) + has_hss_concepts + log_team_size + log_prior_knowledge + HSS_Diversity + C(arxiv_primary_category),HSS_Diversity,0.08751732326078293,0.022608406404964636,3.87100805307378,0.00010838621090256978,0.04320566095920757,0.13182898556235828,138824.0,230889.36843356155,232306.4669936405,0.04862721577425366,0.04764620691829535
