model_name,model_type,sample_name,formula,term,coef,std_err,stat,p_value,ci_low,ci_high,nobs,rsquared,rsquared_adj,aic,bic
D2_NonCS_Citation_Share_CitedOnly,ols,diffusion_cited,NonCS_Citation_Share ~ HSS_Continuous + has_hss_concepts + Log_RCR + log_team_size + log_prior_knowledge + HSS_Diversity + C(stage) + C(arxiv_primary_category),Intercept,0.7762573640290248,0.032406110964333844,23.954042645949507,8.385999258264104e-127,0.7127425536599219,0.8397721743981277,48020.0,0.08880937288489976,0.08637400088868485,-12219.06443284286,-11086.525332641853
D2_NonCS_Citation_Share_CitedOnly,ols,diffusion_cited,NonCS_Citation_Share ~ HSS_Continuous + has_hss_concepts + Log_RCR + log_team_size + log_prior_knowledge + HSS_Diversity + C(stage) + C(arxiv_primary_category),C(stage)[T.Phase2],-0.02183624091557184,0.004817485644863713,-4.532704926449156,5.8233135609476866e-06,-0.03127833927554344,-0.012394142555600247,48020.0,0.08880937288489976,0.08637400088868485,-12219.06443284286,-11086.525332641853
D2_NonCS_Citation_Share_CitedOnly,ols,diffusion_cited,NonCS_Citation_Share ~ HSS_Continuous + has_hss_concepts + Log_RCR + log_team_size + log_prior_knowledge + HSS_Diversity + C(stage) + C(arxiv_primary_category),C(stage)[T.Phase3],-0.11722500462951148,0.004940709582883572,-23.726349963094744,1.9281559523165876e-124,-0.12690861747003518,-0.10754139178898776,48020.0,0.08880937288489976,0.08637400088868485,-12219.06443284286,-11086.525332641853
D2_NonCS_Citation_Share_CitedOnly,ols,diffusion_cited,NonCS_Citation_Share ~ HSS_Continuous + has_hss_concepts + Log_RCR + log_team_size + log_prior_knowledge + HSS_Diversity + C(stage) + C(arxiv_primary_category),C(arxiv_primary_category)[T.astro-ph.EP],-0.03992812980409209,0.20771683930263243,-0.192223846358065,0.8475668675082783,-0.44704565381974565,0.36718939421156144,48020.0,0.08880937288489976,0.08637400088868485,-12219.06443284286,-11086.525332641853
D2_NonCS_Citation_Share_CitedOnly,ols,diffusion_cited,NonCS_Citation_Share ~ HSS_Continuous + has_hss_concepts + Log_RCR + log_team_size + log_prior_knowledge + HSS_Diversity + C(stage) + C(arxiv_primary_category),C(arxiv_primary_category)[T.astro-ph.GA],0.16548065282643495,0.060764879493483026,2.723294347093745,0.006463444257198332,0.046383677494291745,0.2845776281585782,48020.0,0.08880937288489976,0.08637400088868485,-12219.06443284286,-11086.525332641853
D2_NonCS_Citation_Share_CitedOnly,ols,diffusion_cited,NonCS_Citation_Share ~ HSS_Continuous + has_hss_concepts + Log_RCR + log_team_size + log_prior_knowledge + HSS_Diversity + C(stage) + C(arxiv_primary_category),C(arxiv_primary_category)[T.astro-ph.HE],0.23445230446415377,0.116790762676104,2.0074558902775617,0.04470114284978374,0.005546615892025153,0.4633579930362824,48020.0,0.08880937288489976,0.08637400088868485,-12219.06443284286,-11086.525332641853
D2_NonCS_Citation_Share_CitedOnly,ols,diffusion_cited,NonCS_Citation_Share ~ HSS_Continuous + has_hss_concepts + Log_RCR + log_team_size + log_prior_knowledge + HSS_Diversity + C(stage) + C(arxiv_primary_category),C(arxiv_primary_category)[T.astro-ph.IM],-0.06816639719820429,0.042471243444173384,-1.605001211886016,0.1084935379707914,-0.15140850472741701,0.015075710331008421,48020.0,0.08880937288489976,0.08637400088868485,-12219.06443284286,-11086.525332641853
D2_NonCS_Citation_Share_CitedOnly,ols,diffusion_cited,NonCS_Citation_Share ~ HSS_Continuous + has_hss_concepts + Log_RCR + log_team_size + log_prior_knowledge + HSS_Diversity + C(stage) + C(arxiv_primary_category),C(arxiv_primary_category)[T.astro-ph.SR],0.17403494017435026,0.09341770821567465,1.8629759121531175,0.06246565529424463,-0.009060403446643578,0.35713028379534406,48020.0,0.08880937288489976,0.08637400088868485,-12219.06443284286,-11086.525332641853
D2_NonCS_Citation_Share_CitedOnly,ols,diffusion_cited,NonCS_Citation_Share ~ HSS_Continuous + has_hss_concepts + Log_RCR + log_team_size + log_prior_knowledge + HSS_Diversity + C(stage) + C(arxiv_primary_category),C(arxiv_primary_category)[T.cond-mat.dis-nn],-0.05310231478147441,0.044549367535744754,-1.1919880734303825,0.23326592178120575,-0.14041747068557203,0.03421284112262321,48020.0,0.08880937288489976,0.08637400088868485,-12219.06443284286,-11086.525332641853
D2_NonCS_Citation_Share_CitedOnly,ols,diffusion_cited,NonCS_Citation_Share ~ HSS_Continuous + has_hss_concepts + Log_RCR + log_team_size + log_prior_knowledge + HSS_Diversity + C(stage) + C(arxiv_primary_category),C(arxiv_primary_category)[T.cond-mat.mes-hall],-0.10268826786002581,0.03204574206971113,-3.204427834332609,0.0013533121185920595,-0.1654967681745197,-0.03987976754553195,48020.0,0.08880937288489976,0.08637400088868485,-12219.06443284286,-11086.525332641853
D2_NonCS_Citation_Share_CitedOnly,ols,diffusion_cited,NonCS_Citation_Share ~ HSS_Continuous + has_hss_concepts + Log_RCR + log_team_size + log_prior_knowledge + HSS_Diversity + C(stage) + C(arxiv_primary_category),C(arxiv_primary_category)[T.cond-mat.mtrl-sci],-0.05782018838027368,0.03810032634168323,-1.5175772475475142,0.12912100621050193,-0.13249545580919553,0.01685507904864815,48020.0,0.08880937288489976,0.08637400088868485,-12219.06443284286,-11086.525332641853
D2_NonCS_Citation_Share_CitedOnly,ols,diffusion_cited,NonCS_Citation_Share ~ HSS_Continuous + has_hss_concepts + Log_RCR + log_team_size + log_prior_knowledge + HSS_Diversity + C(stage) + C(arxiv_primary_category),C(arxiv_primary_category)[T.cond-mat.other],0.21746112808398005,0.03201779867078247,6.791882550077438,1.1067964163869868e-11,0.154707395824992,0.2802148603429681,48020.0,0.08880937288489976,0.08637400088868485,-12219.06443284286,-11086.525332641853
D2_NonCS_Citation_Share_CitedOnly,ols,diffusion_cited,NonCS_Citation_Share ~ HSS_Continuous + has_hss_concepts + Log_RCR + log_team_size + log_prior_knowledge + HSS_Diversity + C(stage) + C(arxiv_primary_category),C(arxiv_primary_category)[T.cond-mat.soft],0.02748108778186749,0.07214457757663352,0.3809168853012756,0.7032649227282854,-0.11391968594819017,0.16888186151192514,48020.0,0.08880937288489976,0.08637400088868485,-12219.06443284286,-11086.525332641853
D2_NonCS_Citation_Share_CitedOnly,ols,diffusion_cited,NonCS_Citation_Share ~ HSS_Continuous + has_hss_concepts + Log_RCR + log_team_size + log_prior_knowledge + HSS_Diversity + C(stage) + C(arxiv_primary_category),C(arxiv_primary_category)[T.cond-mat.stat-mech],-0.011350545869539406,0.07766153751006034,-0.14615401952438872,0.8837998027986935,-0.16356436237326413,0.14086327063418533,48020.0,0.08880937288489976,0.08637400088868485,-12219.06443284286,-11086.525332641853
D2_NonCS_Citation_Share_CitedOnly,ols,diffusion_cited,NonCS_Citation_Share ~ HSS_Continuous + has_hss_concepts + Log_RCR + log_team_size + log_prior_knowledge + HSS_Diversity + C(stage) + C(arxiv_primary_category),C(arxiv_primary_category)[T.cond-mat.str-el],-0.055321442653153176,0.06170435901544778,-0.8965564756827531,0.3699556317376389,-0.17625976401256022,0.06561687870625388,48020.0,0.08880937288489976,0.08637400088868485,-12219.06443284286,-11086.525332641853
D2_NonCS_Citation_Share_CitedOnly,ols,diffusion_cited,NonCS_Citation_Share ~ HSS_Continuous + has_hss_concepts + Log_RCR + log_team_size + log_prior_knowledge + HSS_Diversity + C(stage) + C(arxiv_primary_category),C(arxiv_primary_category)[T.cond-mat.supr-con],0.34956553333508317,0.03194765727453735,10.941820563903788,7.272466253691559e-28,0.2869492756865609,0.4121817909836054,48020.0,0.08880937288489976,0.08637400088868485,-12219.06443284286,-11086.525332641853
D2_NonCS_Citation_Share_CitedOnly,ols,diffusion_cited,NonCS_Citation_Share ~ HSS_Continuous + has_hss_concepts + Log_RCR + log_team_size + log_prior_knowledge + HSS_Diversity + C(stage) + C(arxiv_primary_category),C(arxiv_primary_category)[T.cs.AI],-0.1619475263504582,0.03242114046461041,-4.995121208867822,5.879882596500647e-07,-0.2254917939988088,-0.0984032587021076,48020.0,0.08880937288489976,0.08637400088868485,-12219.06443284286,-11086.525332641853
D2_NonCS_Citation_Share_CitedOnly,ols,diffusion_cited,NonCS_Citation_Share ~ HSS_Continuous + has_hss_concepts + Log_RCR + log_team_size + log_prior_knowledge + HSS_Diversity + C(stage) + C(arxiv_primary_category),C(arxiv_primary_category)[T.cs.AR],-0.23689772211458787,0.039089448006125585,-6.060400803753084,1.3578276989115206e-09,-0.3135116323821451,-0.1602838118470307,48020.0,0.08880937288489976,0.08637400088868485,-12219.06443284286,-11086.525332641853
D2_NonCS_Citation_Share_CitedOnly,ols,diffusion_cited,NonCS_Citation_Share ~ HSS_Continuous + has_hss_concepts + Log_RCR + log_team_size + log_prior_knowledge + HSS_Diversity + C(stage) + C(arxiv_primary_category),C(arxiv_primary_category)[T.cs.CC],-0.060854268661481525,0.07452481808180604,-0.8165638001917921,0.41417774942074137,-0.20692022805622076,0.08521169073325771,48020.0,0.08880937288489976,0.08637400088868485,-12219.06443284286,-11086.525332641853
D2_NonCS_Citation_Share_CitedOnly,ols,diffusion_cited,NonCS_Citation_Share ~ HSS_Continuous + has_hss_concepts + Log_RCR + log_team_size + log_prior_knowledge + HSS_Diversity + C(stage) + C(arxiv_primary_category),C(arxiv_primary_category)[T.cs.CE],-0.12086695589686233,0.04144526015238474,-2.9163034675729427,0.0035420579786010513,-0.20209817312542946,-0.0396357386682952,48020.0,0.08880937288489976,0.08637400088868485,-12219.06443284286,-11086.525332641853
D2_NonCS_Citation_Share_CitedOnly,ols,diffusion_cited,NonCS_Citation_Share ~ HSS_Continuous + has_hss_concepts + Log_RCR + log_team_size + log_prior_knowledge + HSS_Diversity + C(stage) + C(arxiv_primary_category),C(arxiv_primary_category)[T.cs.CG],-0.10155350204112204,0.03618726964340102,-2.8063322555654864,0.005010899458822197,-0.17247924724102764,-0.030627756841216436,48020.0,0.08880937288489976,0.08637400088868485,-12219.06443284286,-11086.525332641853
D2_NonCS_Citation_Share_CitedOnly,ols,diffusion_cited,NonCS_Citation_Share ~ HSS_Continuous + has_hss_concepts + Log_RCR + log_team_size + log_prior_knowledge + HSS_Diversity + C(stage) + C(arxiv_primary_category),C(arxiv_primary_category)[T.cs.CL],-0.1486253052697266,0.03202614447710865,-4.640749228367454,3.471482035280774e-06,-0.2113953950085359,-0.08585521553091727,48020.0,0.08880937288489976,0.08637400088868485,-12219.06443284286,-11086.525332641853
D2_NonCS_Citation_Share_CitedOnly,ols,diffusion_cited,NonCS_Citation_Share ~ HSS_Continuous + has_hss_concepts + Log_RCR + log_team_size + log_prior_knowledge + HSS_Diversity + C(stage) + C(arxiv_primary_category),C(arxiv_primary_category)[T.cs.CR],-0.2764598869723118,0.03301441160501223,-8.373915315526624,5.573481700041041e-17,-0.34116694468891695,-0.2117528292557066,48020.0,0.08880937288489976,0.08637400088868485,-12219.06443284286,-11086.525332641853
D2_NonCS_Citation_Share_CitedOnly,ols,diffusion_cited,NonCS_Citation_Share ~ HSS_Continuous + has_hss_concepts + Log_RCR + log_team_size + log_prior_knowledge + HSS_Diversity + C(stage) + C(arxiv_primary_category),C(arxiv_primary_category)[T.cs.CV],-0.1614350719626946,0.03200916306642568,-5.043401841768971,4.573274192040155e-07,-0.2241718787481586,-0.0986982651772306,48020.0,0.08880937288489976,0.08637400088868485,-12219.06443284286,-11086.525332641853
D2_NonCS_Citation_Share_CitedOnly,ols,diffusion_cited,NonCS_Citation_Share ~ HSS_Continuous + has_hss_concepts + Log_RCR + log_team_size + log_prior_knowledge + HSS_Diversity + C(stage) + C(arxiv_primary_category),C(arxiv_primary_category)[T.cs.CY],-0.06960322113677861,0.03331696013090499,-2.0891228030199036,0.03669667017467861,-0.13490326306770928,-0.004303179205847954,48020.0,0.08880937288489976,0.08637400088868485,-12219.06443284286,-11086.525332641853
D2_NonCS_Citation_Share_CitedOnly,ols,diffusion_cited,NonCS_Citation_Share ~ HSS_Continuous + has_hss_concepts + Log_RCR + log_team_size + log_prior_knowledge + HSS_Diversity + C(stage) + C(arxiv_primary_category),C(arxiv_primary_category)[T.cs.DB],-0.272635641164154,0.038015765865433246,-7.171646682832044,7.410098282222426e-13,-0.34714517310511034,-0.19812610922319768,48020.0,0.08880937288489976,0.08637400088868485,-12219.06443284286,-11086.525332641853
D2_NonCS_Citation_Share_CitedOnly,ols,diffusion_cited,NonCS_Citation_Share ~ HSS_Continuous + has_hss_concepts + Log_RCR + log_team_size + log_prior_knowledge + HSS_Diversity + C(stage) + C(arxiv_primary_category),C(arxiv_primary_category)[T.cs.DC],-0.3002502784835683,0.03771699686931834,-7.960609364628735,1.7119406354286097e-15,-0.3741742339524422,-0.22632632301469435,48020.0,0.08880937288489976,0.08637400088868485,-12219.06443284286,-11086.525332641853
D2_NonCS_Citation_Share_CitedOnly,ols,diffusion_cited,NonCS_Citation_Share ~ HSS_Continuous + has_hss_concepts + Log_RCR + log_team_size + log_prior_knowledge + HSS_Diversity + C(stage) + C(arxiv_primary_category),C(arxiv_primary_category)[T.cs.DL],-0.12328587480457937,0.047551937835672645,-2.592657216844114,0.009523764098514022,-0.21648596035758527,-0.030085789251573458,48020.0,0.08880937288489976,0.08637400088868485,-12219.06443284286,-11086.525332641853
D2_NonCS_Citation_Share_CitedOnly,ols,diffusion_cited,NonCS_Citation_Share ~ HSS_Continuous + has_hss_concepts + Log_RCR + log_team_size + log_prior_knowledge + HSS_Diversity + C(stage) + C(arxiv_primary_category),C(arxiv_primary_category)[T.cs.DM],-0.25345325289066317,0.031941298781456295,-7.9349701658909035,2.1054592993123624e-15,-0.3160570481217506,-0.19084945765957573,48020.0,0.08880937288489976,0.08637400088868485,-12219.06443284286,-11086.525332641853
D2_NonCS_Citation_Share_CitedOnly,ols,diffusion_cited,NonCS_Citation_Share ~ HSS_Continuous + has_hss_concepts + Log_RCR + log_team_size + log_prior_knowledge + HSS_Diversity + C(stage) + C(arxiv_primary_category),C(arxiv_primary_category)[T.cs.DS],-0.12248001525566708,0.050071284814559296,-2.4461128910367687,0.014440577682536001,-0.2206179301518506,-0.024342100359483546,48020.0,0.08880937288489976,0.08637400088868485,-12219.06443284286,-11086.525332641853
D2_NonCS_Citation_Share_CitedOnly,ols,diffusion_cited,NonCS_Citation_Share ~ HSS_Continuous + has_hss_concepts + Log_RCR + log_team_size + log_prior_knowledge + HSS_Diversity + C(stage) + C(arxiv_primary_category),C(arxiv_primary_category)[T.cs.ET],-0.12495984696578968,0.05316186244609234,-2.350554348853044,0.0187454698922512,-0.2291551827112031,-0.020764511220376272,48020.0,0.08880937288489976,0.08637400088868485,-12219.06443284286,-11086.525332641853
D2_NonCS_Citation_Share_CitedOnly,ols,diffusion_cited,NonCS_Citation_Share ~ HSS_Continuous + has_hss_concepts + Log_RCR + log_team_size + log_prior_knowledge + HSS_Diversity + C(stage) + C(arxiv_primary_category),C(arxiv_primary_category)[T.cs.FL],-0.22612546353075896,0.09498061132961652,-2.380753928251979,0.01727724877918215,-0.41228404096640436,-0.03996688609511356,48020.0,0.08880937288489976,0.08637400088868485,-12219.06443284286,-11086.525332641853
D2_NonCS_Citation_Share_CitedOnly,ols,diffusion_cited,NonCS_Citation_Share ~ HSS_Continuous + has_hss_concepts + Log_RCR + log_team_size + log_prior_knowledge + HSS_Diversity + C(stage) + C(arxiv_primary_category),C(arxiv_primary_category)[T.cs.GL],-0.04714948703426572,0.03630591311719387,-1.2986723920720373,0.19405638252401103,-0.11830776916980602,0.024008795101274585,48020.0,0.08880937288489976,0.08637400088868485,-12219.06443284286,-11086.525332641853
D2_NonCS_Citation_Share_CitedOnly,ols,diffusion_cited,NonCS_Citation_Share ~ HSS_Continuous + has_hss_concepts + Log_RCR + log_team_size + log_prior_knowledge + HSS_Diversity + C(stage) + C(arxiv_primary_category),C(arxiv_primary_category)[T.cs.GR],-0.20116850513714216,0.03852999321866733,-5.221088516560609,1.77874489620187e-07,-0.27668590417030264,-0.12565110610398167,48020.0,0.08880937288489976,0.08637400088868485,-12219.06443284286,-11086.525332641853
D2_NonCS_Citation_Share_CitedOnly,ols,diffusion_cited,NonCS_Citation_Share ~ HSS_Continuous + has_hss_concepts + Log_RCR + log_team_size + log_prior_knowledge + HSS_Diversity + C(stage) + C(arxiv_primary_category),C(arxiv_primary_category)[T.cs.GT],-0.07952514608224938,0.044506537124189054,-1.7868194476767754,0.073966675064527,-0.1667563559222548,0.007706063757756038,48020.0,0.08880937288489976,0.08637400088868485,-12219.06443284286,-11086.525332641853
D2_NonCS_Citation_Share_CitedOnly,ols,diffusion_cited,NonCS_Citation_Share ~ HSS_Continuous + has_hss_concepts + Log_RCR + log_team_size + log_prior_knowledge + HSS_Diversity + C(stage) + C(arxiv_primary_category),C(arxiv_primary_category)[T.cs.HC],-0.13577703009721748,0.033217081518821,-4.087566513641042,4.3592171658914546e-05,-0.20088131354563768,-0.07067274664879727,48020.0,0.08880937288489976,0.08637400088868485,-12219.06443284286,-11086.525332641853
D2_NonCS_Citation_Share_CitedOnly,ols,diffusion_cited,NonCS_Citation_Share ~ HSS_Continuous + has_hss_concepts + Log_RCR + log_team_size + log_prior_knowledge + HSS_Diversity + C(stage) + C(arxiv_primary_category),C(arxiv_primary_category)[T.cs.IR],-0.2237133468268447,0.032967954780035995,-6.785781778683951,1.1545956083823435e-11,-0.2883293508396604,-0.15909734281402904,48020.0,0.08880937288489976,0.08637400088868485,-12219.06443284286,-11086.525332641853
D2_NonCS_Citation_Share_CitedOnly,ols,diffusion_cited,NonCS_Citation_Share ~ HSS_Continuous + has_hss_concepts + Log_RCR + log_team_size + log_prior_knowledge + HSS_Diversity + C(stage) + C(arxiv_primary_category),C(arxiv_primary_category)[T.cs.IT],-0.19704731882091148,0.032845705732875555,-5.99918054504413,1.9831576337180073e-09,-0.26142371910414836,-0.1326709185376746,48020.0,0.08880937288489976,0.08637400088868485,-12219.06443284286,-11086.525332641853
D2_NonCS_Citation_Share_CitedOnly,ols,diffusion_cited,NonCS_Citation_Share ~ HSS_Continuous + has_hss_concepts + Log_RCR + log_team_size + log_prior_knowledge + HSS_Diversity + C(stage) + C(arxiv_primary_category),C(arxiv_primary_category)[T.cs.LG],-0.15522273391460945,0.032049423293667265,-4.843230172733883,1.2774515988211834e-06,-0.21803844929547636,-0.09240701853374253,48020.0,0.08880937288489976,0.08637400088868485,-12219.06443284286,-11086.525332641853
D2_NonCS_Citation_Share_CitedOnly,ols,diffusion_cited,NonCS_Citation_Share ~ HSS_Continuous + has_hss_concepts + Log_RCR + log_team_size + log_prior_knowledge + HSS_Diversity + C(stage) + C(arxiv_primary_category),C(arxiv_primary_category)[T.cs.LO],-0.10158754060013997,0.04654417375135619,-2.1826048764520167,0.029064920368274825,-0.19281244484297264,-0.010362636357307303,48020.0,0.08880937288489976,0.08637400088868485,-12219.06443284286,-11086.525332641853
D2_NonCS_Citation_Share_CitedOnly,ols,diffusion_cited,NonCS_Citation_Share ~ HSS_Continuous + has_hss_concepts + Log_RCR + log_team_size + log_prior_knowledge + HSS_Diversity + C(stage) + C(arxiv_primary_category),C(arxiv_primary_category)[T.cs.MA],-0.17531877230573814,0.04275839306371588,-4.100218921803004,4.1275948714190995e-05,-0.25912368274742853,-0.09151386186404775,48020.0,0.08880937288489976,0.08637400088868485,-12219.06443284286,-11086.525332641853
D2_NonCS_Citation_Share_CitedOnly,ols,diffusion_cited,NonCS_Citation_Share ~ HSS_Continuous + has_hss_concepts + Log_RCR + log_team_size + log_prior_knowledge + HSS_Diversity + C(stage) + C(arxiv_primary_category),C(arxiv_primary_category)[T.cs.MM],-0.2322567706738441,0.03820957387243855,-6.078496751867109,1.2131443961707665e-09,-0.3071461593284463,-0.15736738201924189,48020.0,0.08880937288489976,0.08637400088868485,-12219.06443284286,-11086.525332641853
D2_NonCS_Citation_Share_CitedOnly,ols,diffusion_cited,NonCS_Citation_Share ~ HSS_Continuous + has_hss_concepts + Log_RCR + log_team_size + log_prior_knowledge + HSS_Diversity + C(stage) + C(arxiv_primary_category),C(arxiv_primary_category)[T.cs.MS],-0.17991672248760607,0.1422413697042366,-1.264869164728293,0.20591823257292508,-0.45870468421955657,0.0988712392443444,48020.0,0.08880937288489976,0.08637400088868485,-12219.06443284286,-11086.525332641853
D2_NonCS_Citation_Share_CitedOnly,ols,diffusion_cited,NonCS_Citation_Share ~ HSS_Continuous + has_hss_concepts + Log_RCR + log_team_size + log_prior_knowledge + HSS_Diversity + C(stage) + C(arxiv_primary_category),C(arxiv_primary_category)[T.cs.NE],-0.19706100270189356,0.035817835226676815,-5.501756358383274,3.760263532610709e-08,-0.26726266975037016,-0.12685933565341695,48020.0,0.08880937288489976,0.08637400088868485,-12219.06443284286,-11086.525332641853
D2_NonCS_Citation_Share_CitedOnly,ols,diffusion_cited,NonCS_Citation_Share ~ HSS_Continuous + has_hss_concepts + Log_RCR + log_team_size + log_prior_knowledge + HSS_Diversity + C(stage) + C(arxiv_primary_category),C(arxiv_primary_category)[T.cs.NI],-0.29083126509853807,0.03833464869371875,-7.586642241648915,3.2830191603463094e-14,-0.36596579589822226,-0.2156967342988539,48020.0,0.08880937288489976,0.08637400088868485,-12219.06443284286,-11086.525332641853
D2_NonCS_Citation_Share_CitedOnly,ols,diffusion_cited,NonCS_Citation_Share ~ HSS_Continuous + has_hss_concepts + Log_RCR + log_team_size + log_prior_knowledge + HSS_Diversity + C(stage) + C(arxiv_primary_category),C(arxiv_primary_category)[T.cs.OH],-0.19028965291210467,0.11212642436801863,-1.6970990913572752,0.08967792798861297,-0.4100534063886755,0.029474100564466144,48020.0,0.08880937288489976,0.08637400088868485,-12219.06443284286,-11086.525332641853
D2_NonCS_Citation_Share_CitedOnly,ols,diffusion_cited,NonCS_Citation_Share ~ HSS_Continuous + has_hss_concepts + Log_RCR + log_team_size + log_prior_knowledge + HSS_Diversity + C(stage) + C(arxiv_primary_category),C(arxiv_primary_category)[T.cs.OS],-0.43572144993675693,0.1428413390658149,-3.0503876033813713,0.002285462053801437,-0.7156853300092283,-0.15575756986428552,48020.0,0.08880937288489976,0.08637400088868485,-12219.06443284286,-11086.525332641853
D2_NonCS_Citation_Share_CitedOnly,ols,diffusion_cited,NonCS_Citation_Share ~ HSS_Continuous + has_hss_concepts + Log_RCR + log_team_size + log_prior_knowledge + HSS_Diversity + C(stage) + C(arxiv_primary_category),C(arxiv_primary_category)[T.cs.PF],-0.4634276169723184,0.09837657280185354,-4.710751795610294,2.4680466509128766e-06,-0.6562421565864339,-0.27061307735820284,48020.0,0.08880937288489976,0.08637400088868485,-12219.06443284286,-11086.525332641853
D2_NonCS_Citation_Share_CitedOnly,ols,diffusion_cited,NonCS_Citation_Share ~ HSS_Continuous + has_hss_concepts + Log_RCR + log_team_size + log_prior_knowledge + HSS_Diversity + C(stage) + C(arxiv_primary_category),C(arxiv_primary_category)[T.cs.PL],-0.25426764031247234,0.044400204189742845,-5.726722319245825,1.0238955554839367e-08,-0.34129044143059273,-0.16724483919435196,48020.0,0.08880937288489976,0.08637400088868485,-12219.06443284286,-11086.525332641853
D2_NonCS_Citation_Share_CitedOnly,ols,diffusion_cited,NonCS_Citation_Share ~ HSS_Continuous + has_hss_concepts + Log_RCR + log_team_size + log_prior_knowledge + HSS_Diversity + C(stage) + C(arxiv_primary_category),C(arxiv_primary_category)[T.cs.RO],-0.19853579684393063,0.03310775018297185,-5.996656243529426,2.0142180939352614e-09,-0.26342579481170486,-0.1336457988761564,48020.0,0.08880937288489976,0.08637400088868485,-12219.06443284286,-11086.525332641853
D2_NonCS_Citation_Share_CitedOnly,ols,diffusion_cited,NonCS_Citation_Share ~ HSS_Continuous + has_hss_concepts + Log_RCR + log_team_size + log_prior_knowledge + HSS_Diversity + C(stage) + C(arxiv_primary_category),C(arxiv_primary_category)[T.cs.SC],-0.03706621310245536,0.03197724238473487,-1.1591435138931752,0.24639769147595536,-0.09974045650144342,0.025608030296532698,48020.0,0.08880937288489976,0.08637400088868485,-12219.06443284286,-11086.525332641853
D2_NonCS_Citation_Share_CitedOnly,ols,diffusion_cited,NonCS_Citation_Share ~ HSS_Continuous + has_hss_concepts + Log_RCR + log_team_size + log_prior_knowledge + HSS_Diversity + C(stage) + C(arxiv_primary_category),C(arxiv_primary_category)[T.cs.SD],-0.19062748092531295,0.03331511419507991,-5.721951898741066,1.0530712593091597e-08,-0.2559239048885087,-0.12533105696211722,48020.0,0.08880937288489976,0.08637400088868485,-12219.06443284286,-11086.525332641853
D2_NonCS_Citation_Share_CitedOnly,ols,diffusion_cited,NonCS_Citation_Share ~ HSS_Continuous + has_hss_concepts + Log_RCR + log_team_size + log_prior_knowledge + HSS_Diversity + C(stage) + C(arxiv_primary_category),C(arxiv_primary_category)[T.cs.SE],-0.26984272464123715,0.03296397082891821,-8.18598966859032,2.700749035549811e-16,-0.3344509202533458,-0.20523452902912853,48020.0,0.08880937288489976,0.08637400088868485,-12219.06443284286,-11086.525332641853
D2_NonCS_Citation_Share_CitedOnly,ols,diffusion_cited,NonCS_Citation_Share ~ HSS_Continuous + has_hss_concepts + Log_RCR + log_team_size + log_prior_knowledge + HSS_Diversity + C(stage) + C(arxiv_primary_category),C(arxiv_primary_category)[T.cs.SI],-0.12055057464845204,0.036775128307123824,-3.2780463372333037,0.0010452823518872366,-0.19262850165725418,-0.048472647639649896,48020.0,0.08880937288489976,0.08637400088868485,-12219.06443284286,-11086.525332641853
D2_NonCS_Citation_Share_CitedOnly,ols,diffusion_cited,NonCS_Citation_Share ~ HSS_Continuous + has_hss_concepts + Log_RCR + log_team_size + log_prior_knowledge + HSS_Diversity + C(stage) + C(arxiv_primary_category),C(arxiv_primary_category)[T.econ.EM],-0.05250718643379087,0.06109052849748294,-0.8594979897080818,0.3900658286293941,-0.17224242208537527,0.06722804921779352,48020.0,0.08880937288489976,0.08637400088868485,-12219.06443284286,-11086.525332641853
D2_NonCS_Citation_Share_CitedOnly,ols,diffusion_cited,NonCS_Citation_Share ~ HSS_Continuous + has_hss_concepts + Log_RCR + log_team_size + log_prior_knowledge + HSS_Diversity + C(stage) + C(arxiv_primary_category),C(arxiv_primary_category)[T.econ.GN],-0.033970977652452314,0.044322027079693495,-0.7664581223094916,0.44340376055957653,-0.12084055445046055,0.05289859914555592,48020.0,0.08880937288489976,0.08637400088868485,-12219.06443284286,-11086.525332641853
D2_NonCS_Citation_Share_CitedOnly,ols,diffusion_cited,NonCS_Citation_Share ~ HSS_Continuous + has_hss_concepts + Log_RCR + log_team_size + log_prior_knowledge + HSS_Diversity + C(stage) + C(arxiv_primary_category),C(arxiv_primary_category)[T.econ.TH],-0.7577592015149788,0.03383388588310991,-22.39645792188644,4.26142517803996e-111,-0.8240723993029123,-0.6914460037270452,48020.0,0.08880937288489976,0.08637400088868485,-12219.06443284286,-11086.525332641853
D2_NonCS_Citation_Share_CitedOnly,ols,diffusion_cited,NonCS_Citation_Share ~ HSS_Continuous + has_hss_concepts + Log_RCR + log_team_size + log_prior_knowledge + HSS_Diversity + C(stage) + C(arxiv_primary_category),C(arxiv_primary_category)[T.eess.AS],-0.1754081290178987,0.03283596990589854,-5.341950596269397,9.195171816240914e-08,-0.23976544743090092,-0.1110508106048965,48020.0,0.08880937288489976,0.08637400088868485,-12219.06443284286,-11086.525332641853
D2_NonCS_Citation_Share_CitedOnly,ols,diffusion_cited,NonCS_Citation_Share ~ HSS_Continuous + has_hss_concepts + Log_RCR + log_team_size + log_prior_knowledge + HSS_Diversity + C(stage) + C(arxiv_primary_category),C(arxiv_primary_category)[T.eess.IV],-0.1399693361688806,0.03237119011560633,-4.323886013118826,1.5330452837985707e-05,-0.20341570293216799,-0.07652296940559321,48020.0,0.08880937288489976,0.08637400088868485,-12219.06443284286,-11086.525332641853
D2_NonCS_Citation_Share_CitedOnly,ols,diffusion_cited,NonCS_Citation_Share ~ HSS_Continuous + has_hss_concepts + Log_RCR + log_team_size + log_prior_knowledge + HSS_Diversity + C(stage) + C(arxiv_primary_category),C(arxiv_primary_category)[T.eess.SP],-0.18631976237920952,0.03377372513746625,-5.516707488464729,3.4540963046053125e-08,-0.2525150472723985,-0.12012447748602059,48020.0,0.08880937288489976,0.08637400088868485,-12219.06443284286,-11086.525332641853
D2_NonCS_Citation_Share_CitedOnly,ols,diffusion_cited,NonCS_Citation_Share ~ HSS_Continuous + has_hss_concepts + Log_RCR + log_team_size + log_prior_knowledge + HSS_Diversity + C(stage) + C(arxiv_primary_category),C(arxiv_primary_category)[T.eess.SY],-0.0703667877587252,0.0378919984649698,-1.8570355380906478,0.06330609818091086,-0.144633740052313,0.003900164534862624,48020.0,0.08880937288489976,0.08637400088868485,-12219.06443284286,-11086.525332641853
D2_NonCS_Citation_Share_CitedOnly,ols,diffusion_cited,NonCS_Citation_Share ~ HSS_Continuous + has_hss_concepts + Log_RCR + log_team_size + log_prior_knowledge + HSS_Diversity + C(stage) + C(arxiv_primary_category),C(arxiv_primary_category)[T.gr-qc],-0.19787985180398313,0.04641479051648291,-4.26329300643319,2.0143609960893186e-05,-0.2888511695662609,-0.10690853404170537,48020.0,0.08880937288489976,0.08637400088868485,-12219.06443284286,-11086.525332641853
D2_NonCS_Citation_Share_CitedOnly,ols,diffusion_cited,NonCS_Citation_Share ~ HSS_Continuous + has_hss_concepts + Log_RCR + log_team_size + log_prior_knowledge + HSS_Diversity + C(stage) + C(arxiv_primary_category),C(arxiv_primary_category)[T.hep-ex],-0.11432895599566131,0.053920803562951945,-2.1203125406353323,0.03397969678201988,-0.22001178899650614,-0.008646122994816471,48020.0,0.08880937288489976,0.08637400088868485,-12219.06443284286,-11086.525332641853
D2_NonCS_Citation_Share_CitedOnly,ols,diffusion_cited,NonCS_Citation_Share ~ HSS_Continuous + has_hss_concepts + Log_RCR + log_team_size + log_prior_knowledge + HSS_Diversity + C(stage) + C(arxiv_primary_category),C(arxiv_primary_category)[T.hep-lat],-0.046604451253000126,0.05259361513178985,-0.8861237459379434,0.37555084844887043,-0.14968604272806904,0.05647714022206879,48020.0,0.08880937288489976,0.08637400088868485,-12219.06443284286,-11086.525332641853
D2_NonCS_Citation_Share_CitedOnly,ols,diffusion_cited,NonCS_Citation_Share ~ HSS_Continuous + has_hss_concepts + Log_RCR + log_team_size + log_prior_knowledge + HSS_Diversity + C(stage) + C(arxiv_primary_category),C(arxiv_primary_category)[T.hep-ph],-0.11789090036220781,0.041015529907260546,-2.874299091801782,0.004049253011943021,-0.19827986178726395,-0.037501938937151674,48020.0,0.08880937288489976,0.08637400088868485,-12219.06443284286,-11086.525332641853
D2_NonCS_Citation_Share_CitedOnly,ols,diffusion_cited,NonCS_Citation_Share ~ HSS_Continuous + has_hss_concepts + Log_RCR + log_team_size + log_prior_knowledge + HSS_Diversity + C(stage) + C(arxiv_primary_category),C(arxiv_primary_category)[T.hep-th],0.04484440249731748,0.034829173080272995,1.287552891191581,0.1979016469079301,-0.023419522351329568,0.11310832734596452,48020.0,0.08880937288489976,0.08637400088868485,-12219.06443284286,-11086.525332641853
D2_NonCS_Citation_Share_CitedOnly,ols,diffusion_cited,NonCS_Citation_Share ~ HSS_Continuous + has_hss_concepts + Log_RCR + log_team_size + log_prior_knowledge + HSS_Diversity + C(stage) + C(arxiv_primary_category),C(arxiv_primary_category)[T.math-ph],0.0263493513247988,0.04517811895299441,0.5832325899228782,0.5597367349113707,-0.06219813471233666,0.11489683736193426,48020.0,0.08880937288489976,0.08637400088868485,-12219.06443284286,-11086.525332641853
D2_NonCS_Citation_Share_CitedOnly,ols,diffusion_cited,NonCS_Citation_Share ~ HSS_Continuous + has_hss_concepts + Log_RCR + log_team_size + log_prior_knowledge + HSS_Diversity + C(stage) + C(arxiv_primary_category),C(arxiv_primary_category)[T.math.AG],0.25299186661512274,0.03198626419265296,7.909390890144443,2.586512803596794e-15,0.19029994079753978,0.3156837924327057,48020.0,0.08880937288489976,0.08637400088868485,-12219.06443284286,-11086.525332641853
D2_NonCS_Citation_Share_CitedOnly,ols,diffusion_cited,NonCS_Citation_Share ~ HSS_Continuous + has_hss_concepts + Log_RCR + log_team_size + log_prior_knowledge + HSS_Diversity + C(stage) + C(arxiv_primary_category),C(arxiv_primary_category)[T.math.AP],0.15897382845100141,0.05009074730958434,3.1737164444456876,0.0015050064173503623,0.0607977677655195,0.25714988913648335,48020.0,0.08880937288489976,0.08637400088868485,-12219.06443284286,-11086.525332641853
D2_NonCS_Citation_Share_CitedOnly,ols,diffusion_cited,NonCS_Citation_Share ~ HSS_Continuous + has_hss_concepts + Log_RCR + log_team_size + log_prior_knowledge + HSS_Diversity + C(stage) + C(arxiv_primary_category),C(arxiv_primary_category)[T.math.CO],-0.14437710632515208,0.2665368716379878,-0.541677800290408,0.5880404854901371,-0.6667797752875836,0.3780255626372794,48020.0,0.08880937288489976,0.08637400088868485,-12219.06443284286,-11086.525332641853
D2_NonCS_Citation_Share_CitedOnly,ols,diffusion_cited,NonCS_Citation_Share ~ HSS_Continuous + has_hss_concepts + Log_RCR + log_team_size + log_prior_knowledge + HSS_Diversity + C(stage) + C(arxiv_primary_category),C(arxiv_primary_category)[T.math.DS],0.22709766981148183,0.034763176551866594,6.5327076618747,6.459114560911524e-11,0.158963095781616,0.29523224384134766,48020.0,0.08880937288489976,0.08637400088868485,-12219.06443284286,-11086.525332641853
D2_NonCS_Citation_Share_CitedOnly,ols,diffusion_cited,NonCS_Citation_Share ~ HSS_Continuous + has_hss_concepts + Log_RCR + log_team_size + log_prior_knowledge + HSS_Diversity + C(stage) + C(arxiv_primary_category),C(arxiv_primary_category)[T.math.GR],-0.004620139804982135,0.03197346426012398,-0.14449919368744127,0.8851062931139185,-0.06728697821580373,0.05804669860583947,48020.0,0.08880937288489976,0.08637400088868485,-12219.06443284286,-11086.525332641853
D2_NonCS_Citation_Share_CitedOnly,ols,diffusion_cited,NonCS_Citation_Share ~ HSS_Continuous + has_hss_concepts + Log_RCR + log_team_size + log_prior_knowledge + HSS_Diversity + C(stage) + C(arxiv_primary_category),C(arxiv_primary_category)[T.math.GT],-0.0019005772978628998,0.03193961808081889,-0.05950532323378901,0.9525496256650865,-0.06450107841623225,0.06069992382050644,48020.0,0.08880937288489976,0.08637400088868485,-12219.06443284286,-11086.525332641853
D2_NonCS_Citation_Share_CitedOnly,ols,diffusion_cited,NonCS_Citation_Share ~ HSS_Continuous + has_hss_concepts + Log_RCR + log_team_size + log_prior_knowledge + HSS_Diversity + C(stage) + C(arxiv_primary_category),C(arxiv_primary_category)[T.math.HO],-0.18379295075771007,0.03203364353071009,-5.7374975338509655,9.608567845352748e-09,-0.24657773837149632,-0.1210081631439238,48020.0,0.08880937288489976,0.08637400088868485,-12219.06443284286,-11086.525332641853
D2_NonCS_Citation_Share_CitedOnly,ols,diffusion_cited,NonCS_Citation_Share ~ HSS_Continuous + has_hss_concepts + Log_RCR + log_team_size + log_prior_knowledge + HSS_Diversity + C(stage) + C(arxiv_primary_category),C(arxiv_primary_category)[T.math.LO],0.1621018584426142,0.031986396642380635,5.067837438989175,4.023607975156157e-07,0.09940967302833525,0.22479404385689317,48020.0,0.08880937288489976,0.08637400088868485,-12219.06443284286,-11086.525332641853
D2_NonCS_Citation_Share_CitedOnly,ols,diffusion_cited,NonCS_Citation_Share ~ HSS_Continuous + has_hss_concepts + Log_RCR + log_team_size + log_prior_knowledge + HSS_Diversity + C(stage) + C(arxiv_primary_category),C(arxiv_primary_category)[T.math.NA],0.009658720594934703,0.04673668183145478,0.2066625232353183,0.8362734276375835,-0.08194349255162416,0.10126093374149357,48020.0,0.08880937288489976,0.08637400088868485,-12219.06443284286,-11086.525332641853
D2_NonCS_Citation_Share_CitedOnly,ols,diffusion_cited,NonCS_Citation_Share ~ HSS_Continuous + has_hss_concepts + Log_RCR + log_team_size + log_prior_knowledge + HSS_Diversity + C(stage) + C(arxiv_primary_category),C(arxiv_primary_category)[T.math.NT],0.22975703547842505,0.03227993677747923,7.117642053088525,1.0978904460381766e-12,0.16648952197133582,0.2930245489855143,48020.0,0.08880937288489976,0.08637400088868485,-12219.06443284286,-11086.525332641853
D2_NonCS_Citation_Share_CitedOnly,ols,diffusion_cited,NonCS_Citation_Share ~ HSS_Continuous + has_hss_concepts + Log_RCR + log_team_size + log_prior_knowledge + HSS_Diversity + C(stage) + C(arxiv_primary_category),C(arxiv_primary_category)[T.math.OC],-0.05274090037843271,0.038157267544584705,-1.3821980391234203,0.16691090204138193,-0.12752777051427783,0.02204596975741241,48020.0,0.08880937288489976,0.08637400088868485,-12219.06443284286,-11086.525332641853
D2_NonCS_Citation_Share_CitedOnly,ols,diffusion_cited,NonCS_Citation_Share ~ HSS_Continuous + has_hss_concepts + Log_RCR + log_team_size + log_prior_knowledge + HSS_Diversity + C(stage) + C(arxiv_primary_category),C(arxiv_primary_category)[T.math.PR],0.07565189309541397,0.058842939392165554,1.2856579544951554,0.1985624611004363,-0.03967814885770374,0.19098193504853167,48020.0,0.08880937288489976,0.08637400088868485,-12219.06443284286,-11086.525332641853
D2_NonCS_Citation_Share_CitedOnly,ols,diffusion_cited,NonCS_Citation_Share ~ HSS_Continuous + has_hss_concepts + Log_RCR + log_team_size + log_prior_knowledge + HSS_Diversity + C(stage) + C(arxiv_primary_category),C(arxiv_primary_category)[T.math.ST],-0.06533319951811498,0.038327358185011554,-1.704610038676353,0.08826717785867975,-0.14045344118330408,0.009787042147074126,48020.0,0.08880937288489976,0.08637400088868485,-12219.06443284286,-11086.525332641853
D2_NonCS_Citation_Share_CitedOnly,ols,diffusion_cited,NonCS_Citation_Share ~ HSS_Continuous + has_hss_concepts + Log_RCR + log_team_size + log_prior_knowledge + HSS_Diversity + C(stage) + C(arxiv_primary_category),C(arxiv_primary_category)[T.nlin.AO],0.06107621126571977,0.11562327910776381,0.5282345539499465,0.5973365493124853,-0.16554125155991978,0.2876936740913593,48020.0,0.08880937288489976,0.08637400088868485,-12219.06443284286,-11086.525332641853
D2_NonCS_Citation_Share_CitedOnly,ols,diffusion_cited,NonCS_Citation_Share ~ HSS_Continuous + has_hss_concepts + Log_RCR + log_team_size + log_prior_knowledge + HSS_Diversity + C(stage) + C(arxiv_primary_category),C(arxiv_primary_category)[T.nlin.CD],-0.151347499710115,0.032039854844270285,-4.723726135643857,2.3156220436508524e-06,-0.21414446127477593,-0.08855053814545405,48020.0,0.08880937288489976,0.08637400088868485,-12219.06443284286,-11086.525332641853
D2_NonCS_Citation_Share_CitedOnly,ols,diffusion_cited,NonCS_Citation_Share ~ HSS_Continuous + has_hss_concepts + Log_RCR + log_team_size + log_prior_knowledge + HSS_Diversity + C(stage) + C(arxiv_primary_category),C(arxiv_primary_category)[T.nlin.PS],0.028009205812410495,0.03472631486492656,0.806570058509136,0.41991422982192017,-0.04005312063864348,0.09607153226346447,48020.0,0.08880937288489976,0.08637400088868485,-12219.06443284286,-11086.525332641853
D2_NonCS_Citation_Share_CitedOnly,ols,diffusion_cited,NonCS_Citation_Share ~ HSS_Continuous + has_hss_concepts + Log_RCR + log_team_size + log_prior_knowledge + HSS_Diversity + C(stage) + C(arxiv_primary_category),C(arxiv_primary_category)[T.physics.acc-ph],0.047666428059331904,0.08086055754496048,0.5894892331508867,0.5555331326728832,-0.11081735249861915,0.20615020861728298,48020.0,0.08880937288489976,0.08637400088868485,-12219.06443284286,-11086.525332641853
D2_NonCS_Citation_Share_CitedOnly,ols,diffusion_cited,NonCS_Citation_Share ~ HSS_Continuous + has_hss_concepts + Log_RCR + log_team_size + log_prior_knowledge + HSS_Diversity + C(stage) + C(arxiv_primary_category),C(arxiv_primary_category)[T.physics.ao-ph],0.0727186893608902,0.03562519339646802,2.0412152869351083,0.04122943288973605,0.0028945933615387165,0.14254278536024168,48020.0,0.08880937288489976,0.08637400088868485,-12219.06443284286,-11086.525332641853
D2_NonCS_Citation_Share_CitedOnly,ols,diffusion_cited,NonCS_Citation_Share ~ HSS_Continuous + has_hss_concepts + Log_RCR + log_team_size + log_prior_knowledge + HSS_Diversity + C(stage) + C(arxiv_primary_category),C(arxiv_primary_category)[T.physics.app-ph],0.007413292005692497,0.04564866834057695,0.16239886671793327,0.8709917632213224,-0.08205645388405211,0.09688303789543712,48020.0,0.08880937288489976,0.08637400088868485,-12219.06443284286,-11086.525332641853
D2_NonCS_Citation_Share_CitedOnly,ols,diffusion_cited,NonCS_Citation_Share ~ HSS_Continuous + has_hss_concepts + Log_RCR + log_team_size + log_prior_knowledge + HSS_Diversity + C(stage) + C(arxiv_primary_category),C(arxiv_primary_category)[T.physics.atom-ph],-0.01711056491702039,0.03208180502344451,-0.5333417151720875,0.5937970560848032,-0.07998974732200781,0.04576861748796704,48020.0,0.08880937288489976,0.08637400088868485,-12219.06443284286,-11086.525332641853
D2_NonCS_Citation_Share_CitedOnly,ols,diffusion_cited,NonCS_Citation_Share ~ HSS_Continuous + has_hss_concepts + Log_RCR + log_team_size + log_prior_knowledge + HSS_Diversity + C(stage) + C(arxiv_primary_category),C(arxiv_primary_category)[T.physics.bio-ph],0.11841303288255454,0.11346535057374596,1.0436052264747808,0.2966680738260239,-0.1039749677351987,0.34080103350030777,48020.0,0.08880937288489976,0.08637400088868485,-12219.06443284286,-11086.525332641853
D2_NonCS_Citation_Share_CitedOnly,ols,diffusion_cited,NonCS_Citation_Share ~ HSS_Continuous + has_hss_concepts + Log_RCR + log_team_size + log_prior_knowledge + HSS_Diversity + C(stage) + C(arxiv_primary_category),C(arxiv_primary_category)[T.physics.chem-ph],-0.07015208604204021,0.04429860369476578,-1.5836184482340516,0.11328057316796065,-0.1569757538491941,0.016671581765113686,48020.0,0.08880937288489976,0.08637400088868485,-12219.06443284286,-11086.525332641853
D2_NonCS_Citation_Share_CitedOnly,ols,diffusion_cited,NonCS_Citation_Share ~ HSS_Continuous + has_hss_concepts + Log_RCR + log_team_size + log_prior_knowledge + HSS_Diversity + C(stage) + C(arxiv_primary_category),C(arxiv_primary_category)[T.physics.comp-ph],-0.052572958864456024,0.04322901178917662,-1.2161499115651513,0.2239278202437558,-0.1373002650584996,0.03215434732958755,48020.0,0.08880937288489976,0.08637400088868485,-12219.06443284286,-11086.525332641853
D2_NonCS_Citation_Share_CitedOnly,ols,diffusion_cited,NonCS_Citation_Share ~ HSS_Continuous + has_hss_concepts + Log_RCR + log_team_size + log_prior_knowledge + HSS_Diversity + C(stage) + C(arxiv_primary_category),C(arxiv_primary_category)[T.physics.data-an],-0.10036961507578375,0.03794485007568276,-2.645144594736622,0.008165601570620124,-0.1747401546228939,-0.025999075528673588,48020.0,0.08880937288489976,0.08637400088868485,-12219.06443284286,-11086.525332641853
D2_NonCS_Citation_Share_CitedOnly,ols,diffusion_cited,NonCS_Citation_Share ~ HSS_Continuous + has_hss_concepts + Log_RCR + log_team_size + log_prior_knowledge + HSS_Diversity + C(stage) + C(arxiv_primary_category),C(arxiv_primary_category)[T.physics.ed-ph],0.03619041174274242,0.0415595310806388,0.8708089528854749,0.3838584760443464,-0.04526477238968262,0.11764559587516746,48020.0,0.08880937288489976,0.08637400088868485,-12219.06443284286,-11086.525332641853
D2_NonCS_Citation_Share_CitedOnly,ols,diffusion_cited,NonCS_Citation_Share ~ HSS_Continuous + has_hss_concepts + Log_RCR + log_team_size + log_prior_knowledge + HSS_Diversity + C(stage) + C(arxiv_primary_category),C(arxiv_primary_category)[T.physics.flu-dyn],0.0054527936406731725,0.038981962705171465,0.13987991528065846,0.8887548705403598,-0.07095044930814647,0.08185603658949282,48020.0,0.08880937288489976,0.08637400088868485,-12219.06443284286,-11086.525332641853
D2_NonCS_Citation_Share_CitedOnly,ols,diffusion_cited,NonCS_Citation_Share ~ HSS_Continuous + has_hss_concepts + Log_RCR + log_team_size + log_prior_knowledge + HSS_Diversity + C(stage) + C(arxiv_primary_category),C(arxiv_primary_category)[T.physics.geo-ph],-0.0519720938172389,0.04582704881843695,-1.1340920953288551,0.25675591903225026,-0.14179145901913415,0.037847271384656364,48020.0,0.08880937288489976,0.08637400088868485,-12219.06443284286,-11086.525332641853
D2_NonCS_Citation_Share_CitedOnly,ols,diffusion_cited,NonCS_Citation_Share ~ HSS_Continuous + has_hss_concepts + Log_RCR + log_team_size + log_prior_knowledge + HSS_Diversity + C(stage) + C(arxiv_primary_category),C(arxiv_primary_category)[T.physics.ins-det],-0.07773974829098909,0.06180243905022303,-1.2578750852828768,0.2084369354327702,-0.19887030298615804,0.043390806404179874,48020.0,0.08880937288489976,0.08637400088868485,-12219.06443284286,-11086.525332641853
D2_NonCS_Citation_Share_CitedOnly,ols,diffusion_cited,NonCS_Citation_Share ~ HSS_Continuous + has_hss_concepts + Log_RCR + log_team_size + log_prior_knowledge + HSS_Diversity + C(stage) + C(arxiv_primary_category),C(arxiv_primary_category)[T.physics.med-ph],-0.08030596173440112,0.041580657412393064,-1.9313297752350116,0.05344228345444672,-0.16180255271618996,0.00119062924738772,48020.0,0.08880937288489976,0.08637400088868485,-12219.06443284286,-11086.525332641853
D2_NonCS_Citation_Share_CitedOnly,ols,diffusion_cited,NonCS_Citation_Share ~ HSS_Continuous + has_hss_concepts + Log_RCR + log_team_size + log_prior_knowledge + HSS_Diversity + C(stage) + C(arxiv_primary_category),C(arxiv_primary_category)[T.physics.optics],-0.01368680448318427,0.0561668451380163,-0.24368120462440596,0.8074777311693232,-0.12377179807893486,0.09639818911256633,48020.0,0.08880937288489976,0.08637400088868485,-12219.06443284286,-11086.525332641853
D2_NonCS_Citation_Share_CitedOnly,ols,diffusion_cited,NonCS_Citation_Share ~ HSS_Continuous + has_hss_concepts + Log_RCR + log_team_size + log_prior_knowledge + HSS_Diversity + C(stage) + C(arxiv_primary_category),C(arxiv_primary_category)[T.physics.plasm-ph],0.06455540954910514,0.04970685063528078,1.2987225849968695,0.194039150403028,-0.03286822748095709,0.1619790465791674,48020.0,0.08880937288489976,0.08637400088868485,-12219.06443284286,-11086.525332641853
D2_NonCS_Citation_Share_CitedOnly,ols,diffusion_cited,NonCS_Citation_Share ~ HSS_Continuous + has_hss_concepts + Log_RCR + log_team_size + log_prior_knowledge + HSS_Diversity + C(stage) + C(arxiv_primary_category),C(arxiv_primary_category)[T.physics.pop-ph],-0.009017019502931338,0.039581404302931326,-0.22780948937336098,0.8197943492029514,-0.08659514639419547,0.06856110738833279,48020.0,0.08880937288489976,0.08637400088868485,-12219.06443284286,-11086.525332641853
D2_NonCS_Citation_Share_CitedOnly,ols,diffusion_cited,NonCS_Citation_Share ~ HSS_Continuous + has_hss_concepts + Log_RCR + log_team_size + log_prior_knowledge + HSS_Diversity + C(stage) + C(arxiv_primary_category),C(arxiv_primary_category)[T.physics.soc-ph],-0.0847457070831802,0.05777138561436926,-1.4669149126674526,0.14239920326290498,-0.19797554222431935,0.028484128057958927,48020.0,0.08880937288489976,0.08637400088868485,-12219.06443284286,-11086.525332641853
D2_NonCS_Citation_Share_CitedOnly,ols,diffusion_cited,NonCS_Citation_Share ~ HSS_Continuous + has_hss_concepts + Log_RCR + log_team_size + log_prior_knowledge + HSS_Diversity + C(stage) + C(arxiv_primary_category),C(arxiv_primary_category)[T.physics.space-ph],-0.06048488461174548,0.03194412362257288,-1.8934588823405587,0.058296871309761536,-0.12309421642968349,0.00212444720619253,48020.0,0.08880937288489976,0.08637400088868485,-12219.06443284286,-11086.525332641853
D2_NonCS_Citation_Share_CitedOnly,ols,diffusion_cited,NonCS_Citation_Share ~ HSS_Continuous + has_hss_concepts + Log_RCR + log_team_size + log_prior_knowledge + HSS_Diversity + C(stage) + C(arxiv_primary_category),C(arxiv_primary_category)[T.q-bio.BM],-0.0876573305966453,0.037474296257393985,-2.3391321345854434,0.019328596042671016,-0.16110560160712165,-0.014209059586168943,48020.0,0.08880937288489976,0.08637400088868485,-12219.06443284286,-11086.525332641853
D2_NonCS_Citation_Share_CitedOnly,ols,diffusion_cited,NonCS_Citation_Share ~ HSS_Continuous + has_hss_concepts + Log_RCR + log_team_size + log_prior_knowledge + HSS_Diversity + C(stage) + C(arxiv_primary_category),C(arxiv_primary_category)[T.q-bio.CB],-0.34440383076508246,0.23057108213790561,-1.4936991559032236,0.13525426927044515,-0.796314847631804,0.10750718610163912,48020.0,0.08880937288489976,0.08637400088868485,-12219.06443284286,-11086.525332641853
D2_NonCS_Citation_Share_CitedOnly,ols,diffusion_cited,NonCS_Citation_Share ~ HSS_Continuous + has_hss_concepts + Log_RCR + log_team_size + log_prior_knowledge + HSS_Diversity + C(stage) + C(arxiv_primary_category),C(arxiv_primary_category)[T.q-bio.GN],-0.08762410098408478,0.04851689910315614,-1.8060532021590932,0.07091002971693257,-0.18271547586783446,0.007467273899664895,48020.0,0.08880937288489976,0.08637400088868485,-12219.06443284286,-11086.525332641853
D2_NonCS_Citation_Share_CitedOnly,ols,diffusion_cited,NonCS_Citation_Share ~ HSS_Continuous + has_hss_concepts + Log_RCR + log_team_size + log_prior_knowledge + HSS_Diversity + C(stage) + C(arxiv_primary_category),C(arxiv_primary_category)[T.q-bio.MN],0.09266172358388253,0.09997591134022676,0.9268404992933406,0.3540093540217176,-0.10328746196453151,0.2886109091322966,48020.0,0.08880937288489976,0.08637400088868485,-12219.06443284286,-11086.525332641853
D2_NonCS_Citation_Share_CitedOnly,ols,diffusion_cited,NonCS_Citation_Share ~ HSS_Continuous + has_hss_concepts + Log_RCR + log_team_size + log_prior_knowledge + HSS_Diversity + C(stage) + C(arxiv_primary_category),C(arxiv_primary_category)[T.q-bio.NC],-0.11971485804882034,0.03706470379027498,-3.2298884331089965,0.0012383853265587306,-0.19236034257540455,-0.04706937352223614,48020.0,0.08880937288489976,0.08637400088868485,-12219.06443284286,-11086.525332641853
D2_NonCS_Citation_Share_CitedOnly,ols,diffusion_cited,NonCS_Citation_Share ~ HSS_Continuous + has_hss_concepts + Log_RCR + log_team_size + log_prior_knowledge + HSS_Diversity + C(stage) + C(arxiv_primary_category),C(arxiv_primary_category)[T.q-bio.OT],-0.08771316572187202,0.12520519369343405,-0.700555329490871,0.4835805642269323,-0.3331108360383643,0.15768450459462025,48020.0,0.08880937288489976,0.08637400088868485,-12219.06443284286,-11086.525332641853
D2_NonCS_Citation_Share_CitedOnly,ols,diffusion_cited,NonCS_Citation_Share ~ HSS_Continuous + has_hss_concepts + Log_RCR + log_team_size + log_prior_knowledge + HSS_Diversity + C(stage) + C(arxiv_primary_category),C(arxiv_primary_category)[T.q-bio.PE],0.03988556726627329,0.05825503929941686,0.6846715365046977,0.4935512141976349,-0.07429221167854921,0.1540633462110958,48020.0,0.08880937288489976,0.08637400088868485,-12219.06443284286,-11086.525332641853
D2_NonCS_Citation_Share_CitedOnly,ols,diffusion_cited,NonCS_Citation_Share ~ HSS_Continuous + has_hss_concepts + Log_RCR + log_team_size + log_prior_knowledge + HSS_Diversity + C(stage) + C(arxiv_primary_category),C(arxiv_primary_category)[T.q-bio.QM],-0.10235384784461843,0.036989865474251836,-2.767078131599738,0.005656119770210839,-0.17485265196713362,-0.029855043722103222,48020.0,0.08880937288489976,0.08637400088868485,-12219.06443284286,-11086.525332641853
D2_NonCS_Citation_Share_CitedOnly,ols,diffusion_cited,NonCS_Citation_Share ~ HSS_Continuous + has_hss_concepts + Log_RCR + log_team_size + log_prior_knowledge + HSS_Diversity + C(stage) + C(arxiv_primary_category),C(arxiv_primary_category)[T.q-bio.TO],0.07492307545815102,0.03194597825207651,2.3453054048604995,0.01901149978085853,0.01231010863318123,0.13753604228312083,48020.0,0.08880937288489976,0.08637400088868485,-12219.06443284286,-11086.525332641853
D2_NonCS_Citation_Share_CitedOnly,ols,diffusion_cited,NonCS_Citation_Share ~ HSS_Continuous + has_hss_concepts + Log_RCR + log_team_size + log_prior_knowledge + HSS_Diversity + C(stage) + C(arxiv_primary_category),C(arxiv_primary_category)[T.q-fin.CP],-0.15914803702577074,0.06528637014348201,-2.4376916142834384,0.014781378003084487,-0.2871069711883466,-0.0311891028631949,48020.0,0.08880937288489976,0.08637400088868485,-12219.06443284286,-11086.525332641853
D2_NonCS_Citation_Share_CitedOnly,ols,diffusion_cited,NonCS_Citation_Share ~ HSS_Continuous + has_hss_concepts + Log_RCR + log_team_size + log_prior_knowledge + HSS_Diversity + C(stage) + C(arxiv_primary_category),C(arxiv_primary_category)[T.q-fin.GN],-0.060074718061699124,0.06671666323686411,-0.9004454831383865,0.36788322523600836,-0.19083697517464024,0.070687539051242,48020.0,0.08880937288489976,0.08637400088868485,-12219.06443284286,-11086.525332641853
D2_NonCS_Citation_Share_CitedOnly,ols,diffusion_cited,NonCS_Citation_Share ~ HSS_Continuous + has_hss_concepts + Log_RCR + log_team_size + log_prior_knowledge + HSS_Diversity + C(stage) + C(arxiv_primary_category),C(arxiv_primary_category)[T.q-fin.MF],-0.10117014096900023,0.03731009379612531,-2.711602429139614,0.006695884983101191,-0.17429658106921714,-0.028043700868783328,48020.0,0.08880937288489976,0.08637400088868485,-12219.06443284286,-11086.525332641853
D2_NonCS_Citation_Share_CitedOnly,ols,diffusion_cited,NonCS_Citation_Share ~ HSS_Continuous + has_hss_concepts + Log_RCR + log_team_size + log_prior_knowledge + HSS_Diversity + C(stage) + C(arxiv_primary_category),C(arxiv_primary_category)[T.q-fin.PM],-0.14115019043515334,0.11422093318447141,-1.2357646405076212,0.2165460620389369,-0.3650191057572732,0.08271872488696652,48020.0,0.08880937288489976,0.08637400088868485,-12219.06443284286,-11086.525332641853
D2_NonCS_Citation_Share_CitedOnly,ols,diffusion_cited,NonCS_Citation_Share ~ HSS_Continuous + has_hss_concepts + Log_RCR + log_team_size + log_prior_knowledge + HSS_Diversity + C(stage) + C(arxiv_primary_category),C(arxiv_primary_category)[T.q-fin.PR],-0.15976582163261402,0.03327288695485827,-4.801681977562399,1.573384325541553e-06,-0.22497948172580884,-0.09455216153941921,48020.0,0.08880937288489976,0.08637400088868485,-12219.06443284286,-11086.525332641853
D2_NonCS_Citation_Share_CitedOnly,ols,diffusion_cited,NonCS_Citation_Share ~ HSS_Continuous + has_hss_concepts + Log_RCR + log_team_size + log_prior_knowledge + HSS_Diversity + C(stage) + C(arxiv_primary_category),C(arxiv_primary_category)[T.q-fin.RM],-0.1327738191980451,0.04355048690336152,-3.0487332895420907,0.0022980840590463903,-0.21813120503781697,-0.04741643335827321,48020.0,0.08880937288489976,0.08637400088868485,-12219.06443284286,-11086.525332641853
D2_NonCS_Citation_Share_CitedOnly,ols,diffusion_cited,NonCS_Citation_Share ~ HSS_Continuous + has_hss_concepts + Log_RCR + log_team_size + log_prior_knowledge + HSS_Diversity + C(stage) + C(arxiv_primary_category),C(arxiv_primary_category)[T.q-fin.ST],-0.1488113029441438,0.05239441893134143,-2.8402128696025573,0.004508343846332811,-0.25150247704047657,-0.046120128847811,48020.0,0.08880937288489976,0.08637400088868485,-12219.06443284286,-11086.525332641853
D2_NonCS_Citation_Share_CitedOnly,ols,diffusion_cited,NonCS_Citation_Share ~ HSS_Continuous + has_hss_concepts + Log_RCR + log_team_size + log_prior_knowledge + HSS_Diversity + C(stage) + C(arxiv_primary_category),C(arxiv_primary_category)[T.q-fin.TR],-0.09876805603046493,0.04843726973103013,-2.039092140802305,0.04144083243992975,-0.1937033602127361,-0.0038327518481937606,48020.0,0.08880937288489976,0.08637400088868485,-12219.06443284286,-11086.525332641853
D2_NonCS_Citation_Share_CitedOnly,ols,diffusion_cited,NonCS_Citation_Share ~ HSS_Continuous + has_hss_concepts + Log_RCR + log_team_size + log_prior_knowledge + HSS_Diversity + C(stage) + C(arxiv_primary_category),C(arxiv_primary_category)[T.quant-ph],-0.11352391661545037,0.03533509510326039,-3.212780842493769,0.0013145655661938752,-0.18277943040813838,-0.044268402822762384,48020.0,0.08880937288489976,0.08637400088868485,-12219.06443284286,-11086.525332641853
D2_NonCS_Citation_Share_CitedOnly,ols,diffusion_cited,NonCS_Citation_Share ~ HSS_Continuous + has_hss_concepts + Log_RCR + log_team_size + log_prior_knowledge + HSS_Diversity + C(stage) + C(arxiv_primary_category),C(arxiv_primary_category)[T.stat.AP],-0.06888443105978612,0.05517420217034272,-1.2484898439875027,0.2118517253607698,-0.17702388018938953,0.03925501806981729,48020.0,0.08880937288489976,0.08637400088868485,-12219.06443284286,-11086.525332641853
D2_NonCS_Citation_Share_CitedOnly,ols,diffusion_cited,NonCS_Citation_Share ~ HSS_Continuous + has_hss_concepts + Log_RCR + log_team_size + log_prior_knowledge + HSS_Diversity + C(stage) + C(arxiv_primary_category),C(arxiv_primary_category)[T.stat.CO],-0.018064416779446632,0.08829087330830623,-0.2046011790637387,0.837883734130541,-0.1911113486273156,0.15498251506842237,48020.0,0.08880937288489976,0.08637400088868485,-12219.06443284286,-11086.525332641853
D2_NonCS_Citation_Share_CitedOnly,ols,diffusion_cited,NonCS_Citation_Share ~ HSS_Continuous + has_hss_concepts + Log_RCR + log_team_size + log_prior_knowledge + HSS_Diversity + C(stage) + C(arxiv_primary_category),C(arxiv_primary_category)[T.stat.ME],-0.05873140564762845,0.05773532834449249,-1.0172524749005083,0.30903333867527105,-0.17189056983842826,0.054427758543171376,48020.0,0.08880937288489976,0.08637400088868485,-12219.06443284286,-11086.525332641853
D2_NonCS_Citation_Share_CitedOnly,ols,diffusion_cited,NonCS_Citation_Share ~ HSS_Continuous + has_hss_concepts + Log_RCR + log_team_size + log_prior_knowledge + HSS_Diversity + C(stage) + C(arxiv_primary_category),C(arxiv_primary_category)[T.stat.ML],-0.12297915016402224,0.03254159313529623,-3.77913735362369,0.00015737260375625698,-0.1867595007087587,-0.05919879961928576,48020.0,0.08880937288489976,0.08637400088868485,-12219.06443284286,-11086.525332641853
D2_NonCS_Citation_Share_CitedOnly,ols,diffusion_cited,NonCS_Citation_Share ~ HSS_Continuous + has_hss_concepts + Log_RCR + log_team_size + log_prior_knowledge + HSS_Diversity + C(stage) + C(arxiv_primary_category),HSS_Continuous,0.011006171541996335,0.0011299681889658548,9.740249017159648,2.030561566284288e-22,0.00879147458794731,0.013220868496045361,48020.0,0.08880937288489976,0.08637400088868485,-12219.06443284286,-11086.525332641853
D2_NonCS_Citation_Share_CitedOnly,ols,diffusion_cited,NonCS_Citation_Share ~ HSS_Continuous + has_hss_concepts + Log_RCR + log_team_size + log_prior_knowledge + HSS_Diversity + C(stage) + C(arxiv_primary_category),has_hss_concepts,0.03552562429161641,0.002041017695079115,17.405838458563363,7.450708492578973e-68,0.03152530311745239,0.03952594546578043,48020.0,0.08880937288489976,0.08637400088868485,-12219.06443284286,-11086.525332641853
D2_NonCS_Citation_Share_CitedOnly,ols,diffusion_cited,NonCS_Citation_Share ~ HSS_Continuous + has_hss_concepts + Log_RCR + log_team_size + log_prior_knowledge + HSS_Diversity + C(stage) + C(arxiv_primary_category),Log_RCR,-0.0016644919948450645,0.0014140482444830213,-1.1771111780232124,0.23915113412824895,-0.004435975626433875,0.0011069916367437461,48020.0,0.08880937288489976,0.08637400088868485,-12219.06443284286,-11086.525332641853
D2_NonCS_Citation_Share_CitedOnly,ols,diffusion_cited,NonCS_Citation_Share ~ HSS_Continuous + has_hss_concepts + Log_RCR + log_team_size + log_prior_knowledge + HSS_Diversity + C(stage) + C(arxiv_primary_category),log_team_size,-0.021373936716641798,0.0029565661174572513,-7.229311257555816,4.854496638472435e-13,-0.02716869982476943,-0.015579173608514166,48020.0,0.08880937288489976,0.08637400088868485,-12219.06443284286,-11086.525332641853
D2_NonCS_Citation_Share_CitedOnly,ols,diffusion_cited,NonCS_Citation_Share ~ HSS_Continuous + has_hss_concepts + Log_RCR + log_team_size + log_prior_knowledge + HSS_Diversity + C(stage) + C(arxiv_primary_category),log_prior_knowledge,0.010857025884795752,0.001106728761509148,9.810015120589245,1.0195328223327178e-22,0.008687877371583202,0.013026174398008301,48020.0,0.08880937288489976,0.08637400088868485,-12219.06443284286,-11086.525332641853
D2_NonCS_Citation_Share_CitedOnly,ols,diffusion_cited,NonCS_Citation_Share ~ HSS_Continuous + has_hss_concepts + Log_RCR + log_team_size + log_prior_knowledge + HSS_Diversity + C(stage) + C(arxiv_primary_category),HSS_Diversity,0.008105693283833476,0.015031508275355031,0.5392468364018531,0.5897165467538681,-0.021355521569178165,0.03756690813684512,48020.0,0.08880937288489976,0.08637400088868485,-12219.06443284286,-11086.525332641853
